activity,amount,device,location,frequency,failed_attempts,risk_label,hour,day_of_week,is_weekend
5,0.0,5,10,4,0,1,18,2,0
6,4411.83,5,1,2,0,1,14,3,0
1,0.0,2,10,2,0,1,11,1,0
5,0.0,1,10,1,0,1,18,0,0
6,964.2,4,15,2,0,1,10,3,0
8,0.0,5,11,3,0,1,9,3,0
1,0.0,6,9,2,1,1,10,3,0
1,0.0,5,18,3,0,1,10,0,0
2,743.65,1,15,2,0,1,15,4,0
6,15127.85,0,1,3,0,1,20,0,0
9,2583.04,6,14,4,0,1,0,1,0
0,486.23,0,11,5,0,1,18,1,0
2,1620.44,6,18,1,3,1,18,2,0
6,14651.56,4,3,2,0,0,19,2,0
7,2787.1,2,4,3,0,1,18,2,0
7,196.76,4,13,4,0,1,0,5,1
6,10307.41,4,14,6,0,1,10,0,0
7,287.51,1,5,1,1,1,16,2,0
8,0.0,4,16,1,0,1,19,2,0
3,405.93,6,5,8,3,1,20,0,0
7,2594.63,1,9,4,0,1,21,2,0
2,573.74,6,10,2,0,1,9,1,0
5,0.0,3,11,3,0,1,22,0,0
4,11910.66,6,16,7,0,0,16,4,0
0,234.04,1,11,3,0,1,21,4,0
2,2800.11,2,3,5,1,1,20,5,1
6,18781.65,5,8,1,0,0,8,1,0
9,1468.15,5,4,1,0,1,21,4,0
3,280.32,5,15,2,2,1,12,0,0
5,0.0,0,13,2,1,1,11,2,0
4,15002.08,0,2,6,0,0,21,1,0
0,88.01,0,0,1,3,1,17,4,0
7,75.87,3,7,1,0,1,9,6,1
5,0.0,2,13,3,0,1,7,3,0
6,7734.65,1,13,7,0,1,15,1,0
6,18980.05,0,3,6,0,0,21,3,0
0,281.66,5,15,3,0,1,9,0,0
7,1292.52,1,0,1,0,1,15,2,0
9,1993.24,4,1,1,0,1,16,5,1
3,309.52,5,8,4,0,1,18,4,0
5,0.0,3,2,1,2,1,20,4,0
3,75.34,2,7,6,0,1,13,0,0
2,2232.25,0,11,4,0,1,13,2,0
6,14285.22,6,10,1,0,1,10,6,1
1,0.0,4,5,2,1,1,11,3,0
3,12.89,0,4,4,0,1,11,3,0
0,223.56,0,4,1,0,1,1,0,0
5,0.0,3,10,2,2,1,21,3,0
7,1366.82,0,7,2,2,1,11,3,0
5,0.0,3,2,3,1,1,23,0,0
7,383.03,5,9,2,0,1,17,2,0
6,11594.76,1,4,4,0,1,21,3,0
4,16120.28,2,16,3,0,1,19,5,1
3,61.71,1,14,2,1,1,22,4,0
3,237.79,0,9,7,0,1,19,0,0
4,12226.12,2,6,1,1,1,12,2,0
9,35.4,1,16,4,1,1,22,4,0
6,5920.0,6,12,3,0,1,12,3,0
0,133.19,5,16,4,0,1,8,4,0
4,19533.31,4,18,2,0,1,14,5,1
5,0.0,0,14,1,0,1,15,4,0
3,176.95,3,5,2,0,1,22,5,1
6,19878.67,6,2,1,0,1,7,3,0
0,288.63,4,11,1,0,1,4,1,0
2,13.01,3,9,4,1,1,13,6,1
4,13240.6,4,11,6,2,0,21,1,0
0,301.57,3,0,2,0,1,19,2,0
6,11980.83,2,13,1,1,1,20,2,0
2,1414.15,6,0,5,4,1,16,6,1
6,17161.78,5,17,5,0,1,11,5,1
0,168.4,0,7,3,0,1,23,0,0
9,1088.53,3,6,2,3,1,18,0,0
5,0.0,5,3,3,0,1,23,0,0
3,474.06,5,18,4,0,1,16,2,0
3,280.12,5,15,5,0,1,12,6,1
0,412.07,6,7,2,0,1,10,5,1
1,0.0,5,9,2,2,1,13,1,0
3,355.56,0,1,1,4,1,19,1,0
6,17490.1,3,14,2,1,1,13,6,1
4,13869.46,5,5,2,0,1,16,3,0
4,1414.99,5,10,9,1,1,16,4,0
0,452.68,2,12,1,0,1,2,0,0
6,12209.36,6,3,2,0,1,12,3,0
9,478.14,5,7,3,0,1,13,1,0
3,62.26,5,18,9,1,1,12,0,0
4,14916.18,0,9,5,0,1,19,4,0
2,1886.6,0,0,3,1,1,21,4,0
1,0.0,2,16,6,2,1,9,0,0
8,0.0,0,7,5,1,1,19,3,0
6,15824.11,2,1,3,0,1,0,6,1
3,22.26,6,9,1,2,1,20,5,1
5,0.0,3,9,2,0,1,22,3,0
4,14858.27,0,16,2,4,0,8,6,1
3,227.9,2,8,9,0,0,10,2,0
6,18982.77,5,11,9,0,0,19,0,0
4,4143.85,4,5,1,1,1,19,5,1
2,1622.95,3,3,2,1,1,19,6,1
2,2226.45,1,2,2,0,1,14,4,0
9,908.38,0,4,3,0,1,16,5,1
8,0.0,6,11,2,0,0,16,2,0
6,15872.27,0,8,5,0,0,7,2,0
3,205.38,5,9,8,1,1,18,5,1
6,1909.94,4,8,3,0,1,7,6,1
8,0.0,5,13,1,0,1,20,0,0
7,468.42,0,8,1,0,1,13,0,0
4,18585.23,2,1,2,0,1,19,6,1
4,13164.03,3,14,1,0,1,5,2,0
4,11944.66,6,13,1,0,0,20,6,1
0,115.63,2,1,3,0,1,14,2,0
1,0.0,2,17,4,1,0,23,5,1
5,0.0,1,16,1,0,1,14,0,0
5,0.0,0,18,2,0,1,13,0,0
1,0.0,6,0,3,0,1,0,4,0
4,8038.97,2,9,4,0,1,6,3,0
7,2718.24,0,3,1,0,1,11,6,1
6,3584.07,6,2,2,3,1,18,6,1
3,43.46,6,10,2,0,1,13,2,0
6,12911.1,6,4,3,4,0,23,0,0
8,0.0,1,10,6,0,1,15,3,0
5,0.0,6,11,2,3,0,10,3,0
8,0.0,1,18,4,1,1,5,0,0
4,13289.06,5,4,3,3,0,21,5,1
8,0.0,5,7,6,0,1,19,4,0
5,0.0,0,0,1,0,1,12,5,1
9,2313.77,5,12,4,0,1,19,4,0
2,2494.88,5,0,2,1,1,18,2,0
3,124.66,0,6,3,0,1,10,3,0
1,0.0,4,2,1,0,1,14,1,0
9,2554.24,1,15,1,0,1,10,1,0
5,0.0,4,4,1,0,1,12,6,1
2,417.11,0,3,4,0,1,10,5,1
0,115.67,1,3,1,0,1,8,4,0
4,9169.42,6,13,2,0,1,7,0,0
7,1714.14,2,10,2,0,1,9,3,0
5,0.0,3,12,1,0,1,16,4,0
5,0.0,4,5,3,5,1,11,5,1
6,14335.1,3,2,6,0,0,22,4,0
0,27.94,0,13,3,0,1,16,5,1
3,448.37,1,12,4,0,1,12,4,0
1,0.0,2,18,1,1,1,15,1,0
2,2070.85,2,11,2,0,1,11,0,0
8,0.0,3,3,3,1,1,14,0,0
8,0.0,4,1,7,0,1,12,2,0
9,1104.02,3,14,2,0,1,11,3,0
7,2989.11,3,3,1,0,1,10,4,0
6,11022.44,5,14,4,0,1,11,0,0
6,19703.39,3,12,3,0,1,19,2,0
0,205.1,0,4,3,0,1,17,2,0
3,343.25,6,11,1,4,0,11,5,1
9,463.28,4,12,7,2,1,8,1,0
9,826.98,6,11,3,0,1,16,4,0
4,871.83,0,8,3,1,0,20,5,1
3,445.61,4,2,3,0,1,14,6,1
3,213.65,2,5,2,5,1,13,3,0
8,0.0,1,3,2,0,1,14,0,0
4,8391.79,2,19,4,0,1,22,0,0
3,254.39,6,0,1,0,1,11,4,0
0,272.98,2,14,4,0,1,19,3,0
8,0.0,1,2,1,5,1,15,5,1
1,0.0,2,14,1,0,1,12,4,0
2,2142.21,6,15,1,3,1,19,5,1
4,6760.65,6,18,5,0,1,19,1,0
5,0.0,0,8,1,0,1,15,6,1
4,15503.39,3,8,4,0,0,12,1,0
7,1234.08,0,14,1,0,1,18,1,0
3,267.48,6,12,2,1,1,11,4,0
0,283.46,5,6,4,0,1,10,5,1
0,69.72,0,12,4,0,1,17,5,1
8,0.0,1,6,5,0,1,21,4,0
4,14830.77,6,9,1,0,1,10,2,0
5,0.0,5,19,6,0,1,22,1,0
0,326.49,4,16,4,3,1,21,1,0
5,0.0,4,17,8,3,0,23,2,0
4,12075.52,5,8,2,3,0,21,6,1
6,6647.15,4,13,2,0,1,18,3,0
1,0.0,3,6,1,0,1,14,5,1
3,379.34,6,13,3,1,1,22,5,1
2,1219.22,0,18,1,3,1,14,0,0
7,2872.29,2,4,2,0,1,13,3,0
9,1343.01,3,10,2,0,1,17,6,1
6,13621.89,6,0,1,0,1,17,1,0
0,364.41,4,8,1,0,1,12,3,0
6,19723.44,0,3,3,1,1,13,6,1
3,436.11,5,15,1,2,1,21,1,0
1,0.0,3,14,9,0,1,14,5,1
3,179.62,0,3,5,0,1,10,5,1
6,2062.89,0,13,4,0,1,1,0,0
5,0.0,5,8,3,1,1,8,0,0
2,2957.16,3,8,3,1,1,14,2,0
5,0.0,0,16,3,0,1,23,1,0
9,1423.19,4,2,6,0,1,20,1,0
2,1168.32,1,5,1,1,1,10,1,0
1,0.0,3,6,4,1,1,17,1,0
5,0.0,5,7,2,0,1,9,4,0
9,968.24,2,18,2,2,1,10,0,0
8,0.0,3,8,1,0,0,21,2,0
0,84.68,4,16,3,1,1,11,5,1
3,92.43,6,16,6,0,1,19,4,0
5,0.0,3,14,1,0,1,12,5,1
3,17.71,6,14,2,0,1,14,6,1
6,10511.49,0,12,4,0,1,10,3,0
7,903.42,5,2,1,0,1,19,4,0
2,252.64,6,7,9,2,1,19,2,0
0,32.82,6,8,1,3,0,6,1,0
1,0.0,4,8,5,1,0,21,6,1
6,10040.82,4,5,2,1,0,23,1,0
0,393.94,1,4,3,1,1,13,3,0
7,2140.76,0,11,4,0,1,6,2,0
0,227.92,4,4,3,0,1,18,3,0
8,0.0,2,5,1,0,1,15,6,1
4,10446.04,2,9,1,0,0,17,0,0
3,393.51,1,8,1,0,1,12,1,0
8,0.0,2,0,2,2,1,19,5,1
4,18948.21,2,18,3,0,1,9,5,1
0,410.08,4,8,2,1,1,12,6,1
3,400.87,0,2,3,0,1,19,2,0
2,2147.13,1,8,2,3,0,18,1,0
8,0.0,5,15,1,0,1,17,0,0
4,19672.98,0,4,1,0,1,17,2,0
1,0.0,6,3,10,0,1,13,3,0
2,1048.24,1,12,1,1,1,11,2,0
0,31.89,5,3,5,3,1,17,5,1
9,484.61,1,11,1,1,1,15,3,0
3,300.18,2,14,5,0,1,12,5,1
8,0.0,5,5,2,0,1,11,6,1
4,2328.93,0,1,5,3,1,11,4,0
6,4809.53,6,4,3,0,1,7,3,0
9,504.76,1,11,5,4,0,11,0,0
1,0.0,1,1,2,2,1,22,2,0
4,665.67,4,16,1,0,1,18,2,0
6,11475.65,6,5,1,1,1,10,4,0
0,438.66,0,10,5,0,1,1,5,1
4,12673.77,0,6,1,0,0,8,5,1
2,974.34,0,16,6,2,1,17,0,0
0,434.85,4,14,5,1,1,8,2,0
4,12666.42,5,2,4,0,0,16,0,0
3,170.37,3,14,2,1,1,0,0,0
7,2904.55,0,18,2,0,1,19,0,0
5,0.0,3,3,5,0,1,7,0,0
2,2647.03,2,10,2,0,1,11,2,0
0,365.73,5,10,1,0,1,18,4,0
5,0.0,0,4,1,0,1,0,4,0
6,6301.36,0,14,1,5,1,20,4,0
4,219.07,4,11,1,0,1,16,4,0
6,2843.26,1,18,1,0,1,8,0,0
5,0.0,4,16,2,1,1,19,2,0
3,199.08,6,15,1,0,1,10,6,1
8,0.0,0,10,3,0,1,14,3,0
1,0.0,0,4,4,0,1,14,4,0
0,48.72,2,4,3,2,1,21,6,1
7,178.43,6,11,2,1,1,6,6,1
2,1491.76,5,9,2,1,1,11,2,0
8,0.0,2,14,3,0,1,19,4,0
5,0.0,4,9,1,0,1,14,5,1
5,0.0,3,0,2,0,1,2,1,0
8,0.0,2,5,3,0,1,10,6,1
9,2944.33,0,18,5,0,1,22,2,0
7,878.33,1,12,9,5,1,18,1,0
2,24.1,5,5,6,4,1,12,6,1
6,4143.63,4,14,1,3,0,23,3,0
6,11636.37,3,8,1,1,1,14,4,0
1,0.0,1,18,1,0,1,17,6,1
2,1351.45,0,6,2,0,1,11,2,0
0,414.93,0,12,1,0,1,17,5,1
5,0.0,3,7,5,0,1,17,4,0
6,288.54,0,4,3,3,1,19,3,0
6,484.91,0,3,6,2,1,5,3,0
3,34.81,1,16,2,0,1,21,5,1
0,147.13,6,9,1,0,1,20,6,1
2,1260.61,5,7,2,0,1,16,2,0
9,2345.4,1,18,1,0,1,11,0,0
3,269.42,4,1,1,2,1,18,6,1
8,0.0,4,8,5,1,1,21,5,1
4,18969.95,6,18,2,0,1,19,2,0
3,10.33,2,14,6,2,1,21,0,0
2,1761.89,6,5,8,0,1,21,1,0
8,0.0,0,11,2,0,1,8,1,0
1,0.0,4,14,7,3,0,11,6,1
2,1809.15,6,10,2,0,1,21,4,0
6,16442.15,1,13,1,1,1,17,3,0
5,0.0,4,15,2,0,1,3,4,0
4,13036.84,0,5,1,0,1,17,6,1
2,2664.35,3,12,9,2,1,8,0,0
2,165.4,6,14,4,0,1,11,5,1
1,0.0,3,12,2,0,1,15,6,1
2,1916.38,2,2,2,2,1,23,3,0
1,0.0,4,0,1,0,1,9,5,1
2,2257.94,0,8,9,0,1,17,6,1
1,0.0,1,8,1,0,1,22,3,0
4,18014.08,3,7,2,3,1,19,4,0
5,0.0,0,11,5,0,1,12,4,0
9,1195.08,0,13,4,0,1,11,0,0
2,448.86,3,8,1,0,1,15,0,0
3,290.29,4,11,3,0,1,13,0,0
5,0.0,2,13,5,0,1,18,0,0
7,407.48,2,9,2,0,1,23,3,0
1,0.0,2,5,2,0,1,18,0,0
2,2342.65,4,15,1,0,1,14,4,0
8,0.0,1,16,3,0,1,17,2,0
3,301.08,6,12,1,2,1,9,5,1
2,2562.19,5,9,1,1,1,18,2,0
2,1943.88,6,2,2,4,0,15,3,0
3,133.48,6,4,1,0,1,13,3,0
0,345.36,2,5,1,1,1,13,4,0
9,2297.6,0,11,3,1,1,21,4,0
0,454.39,5,7,5,0,1,12,4,0
8,0.0,5,15,1,0,1,14,0,0
8,0.0,5,15,2,2,1,16,3,0
3,427.09,6,17,1,2,1,13,4,0
0,212.42,2,4,3,3,1,20,4,0
2,2337.93,5,10,2,0,1,13,5,1
3,394.75,5,4,2,0,1,18,1,0
7,2193.32,0,16,1,0,1,22,6,1
0,73.18,3,5,1,0,1,12,2,0
3,186.03,1,13,1,5,1,9,6,1
2,373.87,5,9,2,0,1,17,0,0
5,0.0,3,8,2,0,1,17,1,0
0,315.17,3,16,3,0,1,17,1,0
0,417.43,2,3,2,3,1,23,1,0
5,0.0,0,8,2,3,1,0,2,0
7,1372.97,3,5,6,2,0,23,0,0
6,1945.22,4,1,1,0,1,18,3,0
6,7483.81,1,18,2,2,1,11,6,1
2,2090.03,1,15,2,0,1,4,0,0
8,0.0,0,14,6,0,1,16,3,0
3,32.53,0,1,4,0,1,10,0,0
9,2066.28,4,0,3,0,1,16,6,1
5,0.0,1,5,5,0,1,16,2,0
8,0.0,6,11,2,0,0,23,3,0
6,17138.96,5,13,2,0,1,13,3,0
9,1689.19,0,10,1,0,1,16,4,0
6,1993.87,0,11,4,0,1,16,1,0
2,1479.8,3,9,1,0,1,19,1,0
6,15155.13,6,3,6,0,1,2,6,1
5,0.0,1,19,4,3,1,15,4,0
1,0.0,6,15,2,0,1,16,0,0
3,404.35,5,16,5,0,1,8,4,0
7,633.09,5,3,4,4,1,17,6,1
8,0.0,1,8,7,1,0,17,5,1
9,323.88,4,9,4,5,1,12,2,0
0,109.96,3,11,3,0,1,14,5,1
7,1535.21,5,13,2,0,1,19,4,0
5,0.0,0,5,2,0,1,18,0,0
4,3969.56,4,7,1,4,0,17,4,0
1,0.0,6,5,1,0,1,10,1,0
4,16870.64,2,10,4,0,1,11,2,0
9,482.31,4,15,3,0,1,14,0,0
3,498.35,5,12,1,0,1,19,3,0
1,0.0,6,14,1,0,1,21,4,0
3,31.49,3,7,1,4,1,21,0,0
1,0.0,5,15,4,0,1,19,4,0
3,361.27,0,9,1,2,1,1,5,1
3,318.81,3,16,3,0,1,13,6,1
9,322.88,2,2,2,0,1,18,3,0
9,663.5,6,18,3,0,1,18,2,0
6,883.37,3,18,4,3,1,15,2,0
2,556.06,4,1,3,0,1,16,3,0
0,339.13,1,7,2,1,1,10,3,0
4,1442.69,6,1,3,0,1,9,2,0
5,0.0,5,11,1,0,1,11,2,0
3,185.78,5,11,5,2,1,11,4,0
0,369.44,3,5,3,2,1,16,6,1
9,785.55,0,3,2,2,1,20,1,0
9,1533.68,4,5,5,0,1,12,3,0
3,88.02,4,14,2,0,1,15,1,0
6,5323.92,0,12,2,0,1,10,1,0
6,14089.54,5,9,2,0,1,14,5,1
9,758.5,2,5,2,1,1,23,0,0
3,91.15,4,6,2,1,1,6,0,0
8,0.0,1,6,1,2,1,17,5,1
2,1722.59,6,3,1,3,1,8,5,1
0,474.15,1,6,5,0,1,9,0,0
0,92.18,6,10,2,0,1,17,0,0
2,1818.51,3,15,2,1,1,9,1,0
5,0.0,1,16,2,0,1,21,0,0
1,0.0,0,5,3,0,1,11,3,0
6,5701.17,3,14,4,0,1,20,1,0
8,0.0,5,8,1,0,0,12,6,1
1,0.0,6,0,2,0,1,18,6,1
1,0.0,3,14,2,1,1,18,2,0
8,0.0,5,13,2,0,1,19,2,0
4,8735.78,6,13,2,5,0,5,1,0
2,1922.67,0,16,1,1,1,13,2,0
5,0.0,3,7,4,0,1,11,0,0
5,0.0,6,18,5,3,1,18,4,0
4,19262.99,2,6,2,0,0,13,3,0
9,2870.34,2,1,8,0,1,20,2,0
3,449.3,3,4,4,0,1,20,5,1
9,1609.28,3,4,4,0,1,17,5,1
4,5418.06,4,16,1,1,1,22,3,0
7,2505.65,3,3,1,4,1,19,5,1
3,191.89,6,15,2,5,0,11,0,0
5,0.0,6,13,2,2,1,14,4,0
3,164.67,6,10,2,2,1,0,1,0
3,479.68,4,4,4,0,1,11,5,1
2,1716.37,3,14,5,0,0,23,0,0
5,0.0,0,11,2,0,1,9,6,1
9,2576.21,3,6,1,2,1,2,1,0
8,0.0,2,12,2,0,1,12,6,1
2,2938.22,1,2,2,0,1,10,6,1
2,1923.54,6,4,6,0,1,21,4,0
0,306.64,0,17,4,0,1,12,5,1
2,2563.36,5,1,1,0,1,8,3,0
3,278.73,3,10,3,0,1,1,1,0
3,316.98,3,1,5,0,1,8,2,0
9,1337.31,6,11,3,0,0,23,5,1
8,0.0,1,18,2,0,1,13,3,0
2,1034.94,1,7,2,0,1,13,0,0
5,0.0,6,0,1,1,1,14,3,0
6,8473.68,6,2,3,0,1,10,3,0
2,872.34,5,11,1,0,1,16,1,0
2,2917.14,5,13,1,0,1,10,2,0
0,395.01,0,13,1,1,1,14,5,1
1,0.0,0,9,2,0,1,5,2,0
7,2214.17,3,16,9,0,0,1,3,0
9,1565.17,2,15,5,0,1,10,3,0
8,0.0,3,4,1,4,1,0,4,0
6,5012.01,0,11,1,0,1,14,4,0
7,953.63,0,15,4,0,1,15,6,1
0,450.34,6,1,1,0,1,13,0,0
4,18293.76,1,18,1,0,1,15,6,1
2,2649.38,4,18,1,4,0,16,6,1
3,385.21,5,18,1,1,1,8,1,0
5,0.0,3,8,5,1,0,9,6,1
5,0.0,0,10,5,0,1,21,1,0
4,5353.02,3,17,8,0,0,2,2,0
9,1972.35,6,4,1,0,1,15,4,0
2,2378.42,4,16,3,3,1,14,2,0
8,0.0,5,18,1,0,1,12,3,0
8,0.0,5,13,1,0,1,22,2,0
0,492.35,0,17,5,3,1,9,3,0
3,184.27,4,9,5,0,1,8,4,0
6,14485.43,5,14,5,0,1,19,3,0
6,15613.43,0,0,7,0,1,21,3,0
1,0.0,6,8,2,1,0,3,6,1
4,11526.33,1,3,2,0,1,7,0,0
0,51.69,0,3,3,0,1,14,0,0
7,730.73,6,10,3,0,1,10,2,0
0,92.94,6,3,1,2,1,11,3,0
6,14804.65,0,5,1,0,1,10,4,0
3,21.15,6,16,1,0,1,9,5,1
4,18125.5,2,6,3,0,1,14,3,0
1,0.0,5,12,1,0,1,16,4,0
9,2929.95,6,16,1,0,1,7,6,1
7,2767.2,4,13,3,0,1,11,3,0
0,407.83,0,7,7,3,1,16,5,1
1,0.0,6,7,3,0,1,16,1,0
1,0.0,1,8,1,0,1,23,2,0
9,2729.14,5,19,6,0,1,12,4,0
2,2182.6,2,0,7,2,0,18,2,0
6,2674.34,6,8,1,0,1,1,0,0
9,2539.18,0,4,2,0,1,13,0,0
5,0.0,5,7,4,0,1,21,3,0
8,0.0,1,2,3,2,1,20,6,1
9,1925.97,1,0,6,2,1,17,1,0
1,0.0,6,2,8,0,1,23,3,0
3,91.58,6,15,2,0,1,11,3,0
4,18759.96,2,0,1,0,1,17,2,0
0,168.8,5,14,1,1,1,16,1,0
1,0.0,1,8,1,0,0,17,0,0
2,2607.11,2,18,4,0,1,9,4,0
7,15.58,0,16,5,0,1,18,3,0
4,13206.44,6,13,6,0,1,13,1,0
8,0.0,6,5,1,3,1,1,4,0
0,309.43,6,6,2,0,1,17,0,0
8,0.0,1,5,1,0,1,21,0,0
9,1244.2,3,8,9,0,0,9,2,0
1,0.0,6,7,2,0,1,16,3,0
2,2651.57,3,13,3,0,1,10,2,0
5,0.0,4,13,1,0,1,11,4,0
9,1652.23,2,4,3,4,1,18,3,0
8,0.0,0,13,1,0,1,21,4,0
3,394.15,6,18,4,0,1,12,5,1
6,19393.79,5,16,1,0,1,10,0,0
0,355.58,3,16,1,0,1,11,2,0
6,7515.6,1,16,4,3,1,1,4,0
3,368.9,0,15,5,3,1,14,3,0
3,199.92,3,1,3,0,1,20,4,0
0,21.02,2,6,1,0,1,18,6,1
2,476.7,3,6,2,0,1,7,0,0
2,218.37,3,3,2,1,1,16,3,0
1,0.0,5,5,3,0,1,9,6,1
9,240.24,4,10,5,1,1,21,0,0
3,240.57,6,9,2,0,1,22,0,0
3,24.83,0,6,4,0,1,13,1,0
1,0.0,6,1,4,0,1,19,1,0
9,481.27,0,1,2,5,1,13,6,1
2,1989.52,0,16,3,0,1,6,1,0
0,478.38,6,2,2,0,1,5,0,0
2,1984.34,6,0,1,2,1,13,5,1
8,0.0,6,4,1,0,1,23,4,0
9,2463.16,3,9,4,0,1,11,6,1
1,0.0,4,6,2,3,1,14,4,0
2,407.16,1,1,9,0,1,5,4,0
4,18609.7,6,5,2,0,0,16,5,1
7,2137.83,2,13,1,0,1,10,2,0
6,2884.65,2,0,1,2,1,18,5,1
6,13697.28,3,15,2,0,1,14,4,0
1,0.0,4,13,7,1,1,11,6,1
4,3423.13,6,13,2,0,1,3,1,0
2,1849.31,3,11,6,1,1,10,2,0
7,1457.33,3,7,3,2,1,19,5,1
7,1983.7,5,5,1,0,1,17,2,0
3,205.38,6,9,3,0,1,11,0,0
0,464.34,5,7,1,0,1,13,4,0
8,0.0,5,8,2,1,1,10,4,0
9,1015.53,3,1,5,0,1,17,2,0
7,2177.13,3,10,3,2,1,10,6,1
6,17135.99,5,8,8,2,0,8,1,0
3,333.63,0,4,6,1,1,6,2,0
6,5581.89,2,7,1,0,1,4,3,0
2,1938.22,4,11,1,0,1,7,0,0
6,1454.73,1,3,3,3,1,17,6,1
8,0.0,5,17,2,0,1,21,0,0
5,0.0,1,3,2,5,1,12,5,1
5,0.0,6,5,2,2,1,16,4,0
1,0.0,3,11,2,0,1,16,3,0
7,80.97,3,2,3,0,1,23,3,0
8,0.0,1,3,5,1,1,4,5,1
4,4698.06,5,13,6,0,1,6,1,0
2,1899.82,1,11,5,0,1,21,5,1
4,15993.55,2,5,9,1,0,9,6,1
2,968.16,6,6,1,0,1,22,6,1
3,129.39,0,11,2,0,1,15,1,0
5,0.0,6,15,2,2,1,9,0,0
0,266.31,3,11,4,0,1,12,4,0
1,0.0,6,7,3,2,1,0,4,0
5,0.0,0,7,2,0,1,9,2,0
0,112.7,0,0,1,0,1,10,5,1
3,262.3,6,8,2,1,1,5,3,0
7,298.7,4,10,3,0,1,18,0,0
4,9127.07,4,11,9,0,0,12,4,0
0,76.89,0,12,6,0,1,20,3,0
6,8263.34,1,5,1,1,1,14,6,1
1,0.0,4,15,6,0,1,15,6,1
9,105.69,5,5,2,0,1,14,3,0
2,1078.43,5,18,4,2,1,10,5,1
2,2623.23,5,0,3,2,1,12,5,1
9,102.98,6,8,1,1,1,12,4,0
8,0.0,1,11,2,0,1,20,4,0
2,2943.85,5,17,3,4,0,10,5,1
8,0.0,2,10,2,0,1,21,5,1
9,2698.86,5,2,7,0,1,13,6,1
1,0.0,4,18,3,0,1,21,1,0
0,214.1,2,4,4,0,1,17,4,0
7,2505.67,2,1,4,0,1,14,3,0
4,2682.49,4,0,9,1,1,18,5,1
0,233.4,6,18,9,2,1,8,2,0
8,0.0,4,6,4,1,1,15,5,1
3,274.53,3,4,2,0,1,8,6,1
9,2926.93,2,7,4,5,1,11,4,0
8,0.0,3,3,3,0,1,17,1,0
8,0.0,4,8,1,3,0,7,5,1
6,10791.33,1,6,2,0,1,13,0,0
2,2149.31,2,12,2,0,1,12,5,1
1,0.0,5,7,2,2,1,19,5,1
2,627.31,3,19,3,0,1,13,3,0
2,1669.66,4,6,2,0,1,17,2,0
3,284.05,4,9,8,2,1,13,2,0
1,0.0,4,13,4,0,1,9,6,1
4,9635.69,1,7,5,0,1,13,2,0
4,1217.28,2,6,1,0,1,11,1,0
0,269.51,5,6,1,1,1,22,2,0
0,345.87,2,5,1,0,1,17,3,0
8,0.0,4,16,5,1,1,21,1,0
6,2375.48,2,1,1,0,1,8,0,0
5,0.0,0,1,3,0,1,18,6,1
1,0.0,3,2,4,0,1,17,0,0
3,68.27,3,14,4,3,1,10,4,0
8,0.0,2,7,2,0,1,1,4,0
6,16400.75,4,7,1,1,1,18,3,0
9,2554.63,1,1,1,2,1,13,0,0
9,686.52,3,16,2,0,1,7,2,0
8,0.0,6,14,3,2,1,13,6,1
7,2571.04,5,12,1,1,1,20,4,0
9,1977.35,5,8,1,3,1,6,6,1
7,1019.2,0,4,2,1,1,15,5,1
3,336.67,4,2,1,0,1,22,3,0
5,0.0,1,1,9,0,1,7,5,1
4,12483.49,0,16,2,0,1,18,2,0
0,275.79,0,13,2,3,1,19,6,1
1,0.0,6,1,4,2,1,13,5,1
1,0.0,1,1,3,0,1,13,6,1
9,171.93,5,12,9,0,1,10,5,1
2,2511.62,0,15,2,0,1,11,1,0
8,0.0,5,18,1,1,1,4,6,1
2,64.04,1,8,6,0,1,11,6,1
8,0.0,3,2,1,1,1,12,1,0
4,6025.44,0,7,1,2,1,23,3,0
5,0.0,4,11,8,1,0,11,4,0
0,42.96,2,2,3,0,1,19,6,1
8,0.0,6,0,4,0,1,9,0,0
4,10009.11,1,9,3,2,0,16,4,0
9,605.94,5,2,5,0,1,13,4,0
0,413.62,4,4,1,0,1,16,1,0
3,284.31,4,3,1,0,1,13,4,0
5,0.0,3,5,1,0,1,22,0,0
6,7968.06,3,8,2,0,0,19,6,1
4,2489.42,5,4,4,0,1,19,4,0
6,3544.33,0,8,2,0,0,23,4,0
1,0.0,0,17,2,1,1,13,3,0
5,0.0,2,8,2,4,0,17,0,0
7,2573.65,2,18,7,1,1,12,1,0
3,319.36,0,13,5,2,1,20,1,0
8,0.0,3,5,3,0,1,17,1,0
3,350.65,5,0,3,0,1,18,0,0
4,1690.53,0,1,1,0,1,8,2,0
3,438.02,0,12,1,0,1,8,6,1
1,0.0,3,7,7,0,1,22,3,0
0,353.62,6,9,1,0,1,9,6,1
3,415.36,4,7,5,0,1,13,5,1
1,0.0,2,14,1,0,1,20,2,0
0,125.39,5,11,1,0,1,13,4,0
1,0.0,3,10,1,0,1,17,4,0
5,0.0,1,1,1,2,1,10,2,0
0,93.23,4,10,4,0,1,13,2,0
5,0.0,2,14,7,0,0,23,5,1
9,942.47,0,7,3,3,1,20,1,0
2,168.43,5,0,1,2,1,9,1,0
8,0.0,1,3,4,0,1,23,0,0
0,98.52,6,15,3,0,1,9,1,0
1,0.0,5,10,2,0,1,21,3,0
4,18586.51,3,0,4,0,1,7,2,0
5,0.0,5,15,4,0,1,16,0,0
5,0.0,3,4,1,4,0,18,1,0
1,0.0,5,3,1,2,1,18,5,1
8,0.0,4,16,6,0,1,17,0,0
8,0.0,3,13,2,0,1,16,6,1
9,1890.53,3,15,2,0,1,14,1,0
9,1286.06,3,16,2,0,1,15,5,1
8,0.0,3,3,3,0,1,10,4,0
1,0.0,5,0,3,0,1,20,5,1
7,559.34,5,10,2,0,1,18,1,0
3,235.48,5,16,3,4,1,12,2,0
6,2545.54,5,7,5,0,1,0,6,1
9,576.79,1,13,1,0,1,11,4,0
5,0.0,2,8,5,0,1,20,4,0
1,0.0,5,8,1,0,1,20,0,0
7,2144.3,6,10,6,0,1,14,5,1
3,351.78,1,12,1,0,1,0,2,0
2,2650.1,5,1,2,0,1,17,5,1
0,348.44,4,3,2,1,1,6,4,0
7,1672.71,2,1,1,2,1,23,5,1
1,0.0,4,0,10,1,1,7,5,1
2,2560.96,5,13,7,1,1,20,0,0
9,130.7,4,15,1,0,1,7,0,0
6,3128.2,0,6,8,1,1,12,5,1
8,0.0,2,14,2,0,1,10,0,0
1,0.0,1,15,6,4,1,18,6,1
2,2311.6,2,18,9,0,1,17,2,0
2,2708.02,5,15,9,0,0,4,3,0
5,0.0,4,1,2,0,1,19,4,0
7,2643.52,5,14,6,0,1,6,3,0
9,1657.6,3,13,4,0,1,14,0,0
9,335.77,6,12,1,1,1,4,1,0
3,176.1,5,15,3,0,1,10,6,1
0,336.79,5,12,4,0,1,19,2,0
6,2973.74,3,4,1,0,1,12,4,0
4,11201.42,1,11,10,1,0,18,4,0
2,1519.83,6,5,1,0,1,13,0,0
6,12051.92,2,13,1,0,1,12,1,0
3,23.71,3,17,2,0,1,8,4,0
6,10973.37,6,18,2,0,0,5,6,1
2,1516.77,4,15,2,1,1,13,4,0
1,0.0,1,14,3,2,1,11,5,1
9,1937.25,6,8,1,0,1,16,6,1
6,13182.18,4,9,4,2,1,14,0,0
4,6442.6,3,12,1,0,1,15,3,0
6,10858.5,3,3,8,1,1,10,2,0
5,0.0,2,3,6,0,1,17,6,1
7,2257.64,6,4,1,0,1,15,5,1
5,0.0,3,9,8,1,1,12,4,0
4,8164.58,0,7,2,5,0,6,5,1
9,1357.97,2,1,1,0,1,0,6,1
1,0.0,6,5,1,0,1,23,0,0
2,2176.6,6,16,5,2,0,23,6,1
7,1988.52,2,13,3,0,1,11,1,0
5,0.0,6,15,4,1,1,21,2,0
5,0.0,5,3,9,0,1,20,3,0
5,0.0,1,13,4,1,1,8,2,0
4,12523.47,2,13,2,1,1,19,2,0
1,0.0,1,6,1,1,1,7,4,0
6,2592.25,6,14,1,2,1,21,3,0
9,2649.89,5,13,7,0,0,0,6,1
9,1402.43,5,9,1,0,1,12,4,0
1,0.0,0,13,4,4,1,9,1,0
7,497.62,3,0,5,0,1,11,5,1
3,126.8,6,2,7,1,1,11,3,0
6,19491.79,0,1,4,0,1,21,5,1
4,12542.39,3,18,2,0,0,5,5,1
3,198.12,3,12,7,1,1,19,6,1
6,2098.66,0,6,3,0,1,15,1,0
3,365.07,3,10,2,0,1,13,3,0
2,1411.22,6,8,3,0,1,15,4,0
7,2356.87,5,7,3,0,1,11,4,0
1,0.0,0,15,2,3,1,11,2,0
4,4302.11,0,14,1,0,1,13,2,0
6,7189.84,4,11,6,0,1,15,2,0
0,95.33,0,8,1,0,1,20,4,0
2,1139.87,4,18,1,2,1,18,3,0
6,2413.94,4,16,3,0,1,20,1,0
4,11767.15,2,9,3,0,1,20,5,1
7,2183.26,3,6,2,2,1,18,5,1
8,0.0,5,7,2,0,1,17,6,1
7,1358.98,1,8,7,0,0,10,5,1
0,227.81,6,11,2,0,1,11,2,0
0,197.36,3,12,1,2,1,9,6,1
6,1473.41,5,12,2,2,0,1,3,0
9,2737.59,2,2,2,0,1,0,2,0
2,2597.07,1,9,3,0,1,10,6,1
6,6295.84,4,0,5,0,1,9,3,0
0,472.24,2,12,2,1,1,0,5,1
8,0.0,4,3,8,0,1,15,3,0
1,0.0,3,12,8,0,0,4,4,0
5,0.0,4,6,6,0,1,19,1,0
9,214.59,2,5,2,0,1,4,3,0
1,0.0,0,6,6,0,1,13,2,0
4,4099.31,3,7,2,2,1,17,4,0
3,236.72,1,12,5,1,0,1,6,1
1,0.0,1,0,6,0,1,10,0,0
7,2657.2,2,1,1,1,1,8,6,1
9,368.09,0,2,2,0,1,12,5,1
3,23.09,1,12,2,0,1,16,1,0
6,14196.54,1,0,1,1,1,8,1,0
0,422.37,4,18,2,0,1,9,6,1
2,1324.77,5,16,2,0,1,9,6,1
3,35.68,4,19,2,0,1,0,2,0
5,0.0,5,1,1,2,1,23,2,0
1,0.0,6,11,3,3,0,14,0,0
7,322.13,2,13,1,0,1,11,1,0
5,0.0,0,11,9,0,1,5,2,0
4,6520.87,0,1,2,0,1,16,0,0
8,0.0,1,16,4,0,1,0,4,0
4,15190.87,0,9,1,0,1,8,6,1
2,1130.37,6,7,2,2,1,16,5,1
1,0.0,4,5,2,0,1,16,1,0
4,17460.48,3,10,2,4,0,14,2,0
2,279.82,4,9,1,1,1,15,2,0
7,1274.93,1,7,1,2,1,15,2,0
1,0.0,6,11,2,0,1,12,5,1
6,15189.22,6,14,1,0,1,21,6,1
6,6698.02,4,13,5,1,1,17,5,1
1,0.0,1,18,9,0,1,22,2,0
4,3289.13,0,14,2,0,1,18,4,0
1,0.0,0,12,4,0,1,18,3,0
2,766.59,3,3,1,1,1,15,1,0
9,2730.3,2,1,2,0,1,20,6,1
1,0.0,3,3,3,1,1,18,0,0
0,13.15,3,2,2,0,1,9,5,1
8,0.0,4,16,1,0,1,9,0,0
5,0.0,2,7,6,0,1,18,2,0
0,52.0,6,9,2,1,1,8,2,0
6,4260.81,0,9,2,1,1,18,2,0
8,0.0,2,1,2,0,1,23,4,0
5,0.0,0,15,1,0,1,13,5,1
3,312.99,5,6,9,4,1,16,2,0
5,0.0,1,9,2,1,1,23,0,0
3,493.57,1,18,1,0,1,20,0,0
6,6061.9,4,15,8,0,1,17,2,0
2,2260.99,5,13,7,0,1,16,1,0
0,336.31,4,19,3,0,1,22,4,0
8,0.0,5,4,3,0,1,12,1,0
0,66.69,6,17,4,0,1,6,2,0
4,14751.51,0,4,2,1,1,11,1,0
6,7936.48,0,17,5,0,1,14,4,0
2,2242.44,6,18,2,1,1,20,3,0
7,1487.6,2,3,4,2,1,17,6,1
3,366.42,0,3,1,0,1,11,4,0
1,0.0,2,1,1,2,1,12,4,0
8,0.0,3,5,4,0,1,18,5,1
0,449.64,5,1,2,2,1,9,3,0
1,0.0,3,12,2,3,1,17,2,0
2,1882.78,1,16,3,4,1,12,0,0
1,0.0,3,3,1,0,1,10,5,1
0,349.93,1,7,4,0,1,7,2,0
6,14289.67,0,1,2,2,1,20,0,0
4,10802.69,0,6,3,0,1,19,5,1
8,0.0,5,3,3,2,1,8,5,1
9,899.24,3,9,1,3,1,22,2,0
4,9834.33,6,16,3,1,1,11,3,0
0,429.48,4,8,1,1,1,9,3,0
0,197.07,2,1,7,0,1,21,2,0
7,2144.76,6,6,5,0,1,15,6,1
6,5439.0,3,12,1,3,1,14,1,0
5,0.0,0,19,1,1,0,7,0,0
6,10602.75,2,11,6,0,0,17,3,0
9,1657.26,4,9,3,1,1,20,6,1
4,14721.68,5,2,3,0,1,3,5,1
8,0.0,1,16,4,3,1,19,2,0
0,209.19,3,14,7,0,1,11,1,0
5,0.0,5,3,2,1,1,22,6,1
4,3844.17,5,16,2,5,0,19,5,1
2,2025.19,4,10,5,0,1,20,3,0
1,0.0,5,9,2,1,1,9,4,0
3,153.84,1,9,2,3,1,9,0,0
5,0.0,2,12,1,2,1,11,2,0
5,0.0,6,16,1,0,1,7,2,0
3,203.73,6,5,1,0,1,11,6,1
5,0.0,3,6,1,0,1,11,3,0
3,480.25,6,16,3,0,1,23,1,0
6,19155.69,6,13,3,0,1,19,6,1
1,0.0,0,4,3,1,1,13,2,0
6,17290.13,1,6,4,2,1,23,2,0
7,365.78,4,4,3,0,1,12,1,0
9,922.81,1,0,2,0,1,16,4,0
8,0.0,4,18,1,0,1,10,4,0
0,241.31,2,7,2,0,1,21,0,0
8,0.0,0,8,3,0,0,12,3,0
6,17749.52,3,8,6,1,0,8,4,0
6,18839.27,0,6,4,0,1,16,4,0
9,2925.5,3,15,1,0,1,20,3,0
0,32.27,5,5,2,0,1,15,1,0
9,1155.53,4,6,1,0,1,18,1,0
9,2124.72,2,14,3,0,1,14,2,0
0,29.15,4,18,4,0,1,8,1,0
6,77.93,3,7,6,0,1,11,1,0
8,0.0,0,12,4,0,1,23,4,0
4,2173.53,0,11,3,0,1,18,4,0
0,109.92,4,0,4,0,1,16,5,1
3,98.94,6,16,4,0,1,9,1,0
4,3797.57,5,7,1,0,1,8,6,1
1,0.0,0,5,7,0,1,12,5,1
4,319.26,5,5,5,0,1,22,0,0
2,925.62,5,9,2,0,1,13,1,0
0,60.26,4,13,2,0,1,20,2,0
6,9861.82,2,10,2,0,1,23,4,0
2,1288.74,4,15,3,0,1,11,5,1
0,458.95,5,2,4,2,1,16,6,1
2,1174.85,3,3,2,1,1,17,0,0
1,0.0,5,7,3,0,1,11,6,1
1,0.0,6,16,1,0,1,14,2,0
7,1088.32,6,0,1,0,1,9,3,0
3,80.63,4,6,1,1,1,20,4,0
5,0.0,5,10,3,0,1,17,1,0
8,0.0,6,5,2,1,1,8,5,1
3,211.65,3,18,1,2,1,11,4,0
2,37.55,6,14,1,0,1,19,6,1
0,486.83,1,11,1,0,1,14,0,0
8,0.0,4,10,2,0,1,16,1,0
6,7285.9,2,6,1,0,1,18,0,0
9,609.17,6,8,3,1,1,21,2,0
5,0.0,6,6,4,1,1,23,5,1
1,0.0,0,2,1,1,1,21,4,0
0,89.0,3,7,1,0,1,17,1,0
9,2976.88,2,0,1,0,1,16,2,0
7,630.42,5,7,1,0,1,16,0,0
3,56.12,3,18,2,0,1,11,1,0
3,489.46,4,17,9,0,0,18,0,0
1,0.0,1,12,5,4,1,20,0,0
9,1353.03,5,10,4,1,1,20,6,1
0,194.15,1,15,3,0,1,15,3,0
6,1762.16,0,0,2,0,1,18,5,1
7,2108.36,6,3,2,0,1,13,4,0
5,0.0,1,6,1,0,1,22,0,0
2,255.36,0,14,6,0,1,5,1,0
6,17904.38,4,12,2,0,1,12,2,0
4,7813.3,4,10,3,0,0,0,0,0
2,2690.02,3,2,3,0,1,21,6,1
4,1994.05,6,2,3,0,1,9,5,1
8,0.0,2,16,5,1,1,19,0,0
8,0.0,0,12,7,0,1,11,2,0
9,1310.45,1,11,4,3,1,10,1,0
6,13010.01,5,14,7,0,1,16,3,0
0,427.34,1,3,5,4,1,9,3,0
1,0.0,6,18,6,0,1,0,3,0
5,0.0,0,5,5,0,1,0,6,1
7,1669.44,0,13,7,0,1,12,4,0
8,0.0,5,2,2,0,1,14,6,1
8,0.0,3,11,3,0,1,9,1,0
3,320.89,4,18,2,0,1,18,1,0
0,50.65,0,10,2,0,1,8,3,0
0,448.36,0,6,1,1,1,7,3,0
6,4245.4,1,2,1,0,1,12,3,0
6,19519.52,6,13,2,0,1,23,1,0
5,0.0,0,12,6,0,1,14,1,0
2,806.43,6,1,2,2,1,13,1,0
0,94.75,1,10,4,0,1,17,3,0
1,0.0,2,5,3,0,1,20,4,0
8,0.0,4,15,8,0,1,21,5,1
8,0.0,2,4,1,0,1,12,6,1
2,2339.65,5,12,2,1,1,8,4,0
1,0.0,3,8,4,3,1,10,1,0
8,0.0,0,16,1,0,1,19,0,0
2,1806.28,2,13,4,0,1,15,0,0
2,2525.72,6,13,3,0,1,12,6,1
0,165.42,2,16,1,0,1,11,4,0
8,0.0,3,5,1,5,1,22,3,0
8,0.0,5,15,1,1,1,19,3,0
6,5311.36,2,1,7,0,1,17,1,0
2,2260.34,1,1,2,0,1,20,4,0
8,0.0,2,2,4,0,1,18,4,0
6,19436.72,1,5,1,0,1,4,1,0
9,2576.08,5,3,2,3,1,18,6,1
3,435.25,3,18,1,0,1,14,1,0
7,54.68,5,16,2,0,1,13,4,0
7,456.11,1,18,1,0,1,14,1,0
7,1211.06,6,0,3,0,1,15,2,0
4,5360.26,6,1,2,0,1,5,3,0
7,517.23,6,18,1,0,1,9,0,0
8,0.0,1,3,1,0,1,17,3,0
0,441.82,6,12,2,0,1,9,4,0
4,13616.92,4,14,4,0,1,11,4,0
8,0.0,2,12,1,0,1,23,0,0
6,5435.25,1,5,3,0,1,14,4,0
4,14833.2,3,6,8,0,0,23,3,0
9,528.98,1,8,7,0,1,21,2,0
8,0.0,1,8,4,0,1,19,2,0
2,1401.62,5,6,2,0,1,8,4,0
5,0.0,3,16,1,0,1,9,5,1
0,394.78,3,14,1,1,1,14,6,1
7,101.25,5,4,2,3,1,21,0,0
2,1693.9,4,1,1,0,1,17,3,0
6,5981.82,1,2,5,0,1,21,6,1
8,0.0,1,0,6,0,1,13,4,0
4,18141.63,4,11,6,2,0,18,6,1
1,0.0,0,16,5,0,1,17,1,0
4,1993.11,0,10,4,1,1,11,2,0
2,1688.34,5,11,1,0,1,22,0,0
6,1389.48,3,9,1,0,1,8,2,0
1,0.0,0,5,1,0,1,13,6,1
1,0.0,0,14,1,0,1,8,3,0
0,151.83,5,18,2,1,1,7,5,1
2,88.77,6,18,3,2,1,13,4,0
3,442.39,6,5,2,0,1,13,2,0
8,0.0,5,5,1,1,1,16,0,0
3,194.5,5,19,4,0,1,13,2,0
4,12368.63,5,3,1,0,1,12,3,0
7,320.77,0,7,7,0,1,20,2,0
6,8858.49,4,18,3,0,1,12,2,0
3,224.38,1,5,5,0,1,10,1,0
5,0.0,0,4,2,0,1,19,3,0
7,2498.05,2,11,3,0,1,15,1,0
1,0.0,0,16,1,0,1,20,6,1
8,0.0,0,9,4,0,1,0,0,0
9,1728.19,2,4,1,1,1,20,4,0
0,330.08,2,15,1,0,1,1,4,0
3,45.73,0,2,1,5,0,22,6,1
9,1438.92,3,16,1,0,1,8,0,0
5,0.0,6,11,2,1,1,1,3,0
1,0.0,6,3,2,2,1,17,6,1
5,0.0,4,4,4,2,1,10,4,0
5,0.0,2,13,2,1,1,6,6,1
4,7986.48,2,17,1,1,0,16,0,0
0,471.3,4,16,1,1,1,18,1,0
1,0.0,3,6,1,4,1,17,3,0
6,7479.18,5,0,4,4,1,19,6,1
0,146.2,2,5,2,0,1,12,3,0
5,0.0,1,16,3,0,1,10,2,0
0,407.02,5,5,2,0,1,15,5,1
0,430.67,5,8,2,0,1,22,1,0
2,2723.6,4,2,1,0,1,10,2,0
8,0.0,0,2,1,0,1,10,1,0
3,236.73,1,11,3,0,1,13,2,0
6,8836.77,0,16,1,0,1,10,5,1
5,0.0,6,18,3,0,1,9,2,0
9,2156.37,6,0,2,0,1,15,0,0
1,0.0,6,2,2,0,1,20,1,0
2,1108.06,3,10,1,0,1,11,6,1
2,1146.36,4,8,10,0,0,23,3,0
9,2395.63,1,18,1,0,1,15,2,0
8,0.0,5,9,4,2,1,10,3,0
9,1519.4,4,0,2,0,1,21,2,0
1,0.0,2,2,2,0,1,17,3,0
2,1730.16,4,15,1,0,1,16,1,0
6,2571.64,4,7,1,2,0,1,3,0
2,1209.94,2,15,6,0,1,15,4,0
8,0.0,1,14,2,1,1,22,2,0
6,3087.52,5,0,2,0,1,0,6,1
0,251.71,6,16,7,0,0,3,3,0
5,0.0,4,4,1,2,1,19,0,0
0,91.14,4,18,6,5,1,10,3,0
2,292.45,3,11,1,2,1,15,3,0
7,849.1,6,3,2,3,1,22,3,0
0,52.56,3,7,5,1,1,8,5,1
9,1009.33,0,10,3,2,1,13,6,1
9,955.99,5,13,3,0,1,19,2,0
7,2021.68,4,14,1,0,1,10,0,0
5,0.0,4,14,1,1,1,13,4,0
8,0.0,2,5,6,1,1,13,2,0
9,1445.47,0,2,2,0,1,7,0,0
2,1396.88,1,14,4,0,1,11,5,1
7,91.74,0,4,3,0,1,10,2,0
3,218.35,5,9,3,0,1,10,0,0
4,17518.66,6,11,1,0,1,14,2,0
8,0.0,3,16,2,0,1,18,1,0
0,402.63,6,14,7,0,1,21,1,0
9,1196.82,3,9,4,0,1,13,2,0
2,2455.8,3,16,4,1,1,20,0,0
6,14730.67,0,18,2,0,1,19,3,0
3,109.31,1,18,1,4,1,10,3,0
9,1522.25,2,2,4,0,1,12,4,0
3,191.21,4,2,9,0,1,15,3,0
4,5036.88,6,14,3,0,1,8,4,0
2,114.35,3,9,1,0,1,17,1,0
8,0.0,0,14,4,3,1,13,4,0
2,2271.88,4,0,9,0,1,8,2,0
9,1464.14,3,18,2,0,1,18,6,1
4,13021.9,0,11,4,0,0,8,5,1
7,2808.93,4,6,4,0,1,21,1,0
2,1414.13,4,6,1,0,1,23,6,1
4,3171.24,2,11,7,0,0,11,3,0
8,0.0,6,8,3,0,1,16,4,0
2,792.5,5,2,2,1,1,7,5,1
7,508.46,0,11,1,0,1,18,1,0
5,0.0,5,0,2,1,1,8,5,1
1,0.0,2,5,2,0,1,18,1,0
2,2520.43,2,1,3,0,1,15,0,0
8,0.0,5,4,3,2,1,20,6,1
2,2799.91,6,6,3,0,1,23,3,0
4,5496.91,3,7,4,0,1,16,5,1
4,12663.19,5,14,5,0,1,13,1,0
2,2613.39,3,10,3,0,1,8,1,0
4,14762.2,2,15,1,5,0,11,1,0
1,0.0,3,6,4,0,1,12,3,0
0,308.18,5,5,7,0,1,17,3,0
3,288.4,3,3,1,1,1,17,1,0
5,0.0,5,17,2,1,1,9,1,0
5,0.0,4,8,2,2,0,12,3,0
0,137.08,6,12,4,0,1,13,1,0
2,1616.16,5,5,4,0,1,9,6,1
7,778.35,6,1,1,0,1,13,3,0
8,0.0,3,3,2,0,1,17,0,0
2,1403.19,6,0,3,0,1,9,6,1
8,0.0,2,13,7,0,1,15,6,1
0,477.45,4,19,6,4,0,12,0,0
2,1991.9,0,2,5,0,1,18,4,0
2,605.22,4,5,2,1,1,9,0,0
5,0.0,6,1,3,3,1,13,3,0
1,0.0,1,2,6,2,0,8,1,0
9,219.61,4,15,1,0,1,13,1,0
5,0.0,3,11,1,0,1,16,5,1
1,0.0,2,4,5,0,1,16,4,0
1,0.0,0,10,3,0,1,17,2,0
8,0.0,1,13,3,1,1,8,2,0
1,0.0,0,2,2,0,1,10,2,0
8,0.0,0,4,3,0,1,7,5,1
7,1547.11,3,0,1,2,1,16,1,0
0,218.59,6,9,1,0,1,17,1,0
8,0.0,4,6,2,0,1,18,5,1
0,179.24,0,15,7,2,1,13,6,1
8,0.0,5,5,1,0,1,12,5,1
1,0.0,5,1,6,2,1,12,4,0
4,5256.47,0,9,4,0,1,11,3,0
0,375.97,3,11,6,1,0,18,5,1
1,0.0,6,2,3,0,1,16,1,0
6,12247.16,6,4,3,0,1,18,0,0
8,0.0,1,5,2,0,1,11,5,1
1,0.0,5,16,9,0,0,1,1,0
8,0.0,6,8,3,0,1,13,6,1
9,2233.44,4,4,7,0,0,23,6,1
6,11436.36,5,7,3,0,1,9,5,1
8,0.0,5,7,4,0,1,18,4,0
3,380.85,0,6,1,0,1,10,0,0
6,7697.9,5,13,1,0,1,16,1,0
5,0.0,5,0,1,0,1,11,0,0
7,2551.68,4,6,7,3,1,8,1,0
6,17894.19,5,11,9,1,0,9,1,0
4,16765.62,1,14,1,1,0,20,1,0
1,0.0,5,16,4,0,1,5,4,0
5,0.0,5,2,2,1,1,11,2,0
6,2962.38,0,3,1,0,1,10,5,1
3,112.94,1,15,2,0,1,7,6,1
3,172.02,6,13,1,0,1,13,2,0
0,160.26,1,14,3,0,1,17,3,0
1,0.0,4,8,1,0,0,10,2,0
1,0.0,5,3,5,0,1,13,6,1
2,2612.99,3,1,1,0,1,13,1,0
7,1072.72,3,5,5,1,1,13,3,0
1,0.0,2,8,2,1,1,16,5,1
4,10482.83,5,17,5,0,0,10,6,1
4,5351.98,0,15,6,0,1,10,0,0
7,735.6,6,15,1,1,1,18,6,1
6,9546.91,1,18,1,0,1,7,1,0
4,16125.03,0,4,1,0,0,16,3,0
9,854.85,4,12,3,0,1,16,5,1
3,13.19,4,6,4,1,1,20,2,0
9,2468.56,4,18,2,1,1,9,5,1
4,4245.32,0,4,1,0,1,17,2,0
3,330.21,4,19,2,2,0,18,0,0
0,173.52,2,4,2,0,1,11,5,1
8,0.0,2,13,4,0,1,16,2,0
5,0.0,6,8,1,0,1,11,1,0
7,485.45,3,2,2,4,1,17,3,0
5,0.0,6,12,7,0,1,7,2,0
1,0.0,2,8,3,0,0,19,5,1
0,282.77,0,2,6,1,1,19,2,0
7,556.5,4,1,4,0,1,13,3,0
1,0.0,3,5,1,5,0,12,3,0
9,2619.88,6,12,1,0,1,11,4,0
2,2396.78,1,11,10,1,0,19,0,0
3,445.78,3,6,3,0,1,23,2,0
5,0.0,4,18,1,2,1,16,4,0
7,2310.93,5,15,1,1,1,15,3,0
6,573.18,4,16,8,0,1,15,5,1
7,912.27,4,2,1,2,1,12,3,0
5,0.0,4,4,2,0,1,13,2,0
6,19386.41,3,6,1,3,1,14,1,0
7,634.93,2,16,7,0,1,7,5,1
6,7125.89,0,1,1,1,1,22,1,0
0,367.52,4,6,1,0,1,21,1,0
5,0.0,5,18,3,2,1,15,2,0
9,2896.07,2,15,1,0,1,18,6,1
1,0.0,6,18,4,0,1,16,6,1
5,0.0,6,6,1,0,1,14,4,0
3,237.57,4,5,5,0,1,12,2,0
2,972.01,3,0,4,2,1,14,3,0
2,680.53,2,15,1,0,1,6,0,0
3,337.49,0,15,2,0,1,14,0,0
1,0.0,3,3,1,1,1,16,6,1
3,430.26,1,0,1,0,1,9,2,0
9,2772.04,2,2,2,0,1,11,4,0
0,40.93,4,10,9,2,1,12,1,0
2,2620.55,3,7,9,0,1,11,4,0
7,2201.57,6,5,2,2,1,11,5,1
8,0.0,5,5,1,3,1,8,3,0
7,838.87,6,7,6,0,1,22,3,0
6,5064.02,5,11,8,0,0,15,0,0
3,413.0,0,3,2,0,1,18,4,0
7,2890.26,5,14,7,0,1,10,5,1
8,0.0,6,10,3,0,1,0,4,0
4,9114.63,2,15,7,0,0,5,4,0
1,0.0,0,2,4,0,1,15,4,0
7,2608.74,1,10,1,1,1,17,0,0
8,0.0,3,13,4,0,1,12,2,0
6,19946.19,0,8,3,2,0,19,3,0
4,16772.2,3,7,1,0,1,16,5,1
3,427.59,1,5,3,1,1,15,4,0
5,0.0,1,2,4,2,1,16,6,1
8,0.0,0,13,2,5,0,23,4,0
9,2313.57,0,12,5,2,1,14,6,1
4,10787.78,2,10,4,0,0,19,4,0
2,2270.91,2,12,2,0,1,9,0,0
5,0.0,6,1,3,1,1,7,3,0
6,1856.32,0,9,4,0,1,15,0,0
6,16907.94,2,11,9,0,0,18,3,0
7,1646.22,4,5,9,0,1,17,2,0
2,42.19,1,5,2,0,1,10,4,0
9,1744.78,5,9,4,0,1,16,3,0
8,0.0,6,12,8,0,1,21,6,1
6,19621.17,6,18,5,0,0,18,4,0
3,141.88,1,8,1,5,0,19,2,0
9,1952.58,4,10,2,4,0,20,0,0
5,0.0,0,17,9,0,1,17,0,0
0,171.96,4,2,9,0,1,15,1,0
8,0.0,3,16,4,1,1,15,5,1
5,0.0,2,10,7,0,1,16,4,0
3,77.87,4,14,6,0,1,11,1,0
7,683.79,1,14,2,0,1,23,4,0
8,0.0,3,12,2,2,1,7,5,1
4,9989.12,5,15,3,0,1,14,1,0
2,2444.01,6,15,4,0,1,13,3,0
2,1772.37,6,3,3,0,1,8,2,0
3,472.57,2,3,8,0,1,17,2,0
5,0.0,0,15,4,2,1,21,6,1
8,0.0,6,16,4,0,1,21,6,1
0,472.68,1,13,1,0,1,12,2,0
0,387.71,4,7,2,0,1,17,5,1
9,88.75,6,13,5,2,1,22,1,0
6,9171.81,3,14,2,0,1,9,6,1
6,18490.03,0,12,1,0,1,0,0,0
5,0.0,5,9,7,1,1,8,0,0
1,0.0,1,18,6,2,1,17,2,0
1,0.0,5,1,1,0,1,2,6,1
2,1613.13,5,19,2,0,0,8,1,0
6,15231.74,3,8,2,0,1,12,4,0
7,118.9,0,10,2,0,1,12,4,0
9,2301.54,3,8,7,0,0,9,6,1
7,2705.18,6,10,1,0,1,4,6,1
7,1806.97,2,10,3,0,1,10,2,0
8,0.0,5,9,2,0,1,12,0,0
7,2287.72,5,5,2,0,1,1,0,0
3,456.02,2,7,3,0,1,10,3,0
8,0.0,4,7,2,0,1,9,0,0
1,0.0,1,14,2,0,1,19,0,0
7,2825.93,1,0,2,0,1,12,0,0
9,621.72,0,14,4,0,1,9,2,0
8,0.0,1,3,3,0,1,16,3,0
7,1016.36,6,4,7,0,1,20,3,0
4,15396.34,4,3,2,0,1,16,4,0
4,18663.75,3,1,4,0,1,16,2,0
6,6300.21,4,18,1,0,1,21,5,1
3,175.92,6,3,6,0,1,9,4,0
2,1687.18,0,15,9,1,1,16,3,0
5,0.0,1,6,1,1,1,8,1,0
3,448.05,2,7,6,0,1,23,6,1
1,0.0,5,6,3,0,1,21,1,0
5,0.0,2,5,1,0,1,16,3,0
2,160.77,1,12,1,5,1,10,4,0
9,98.96,5,8,2,0,1,20,4,0
5,0.0,2,12,2,5,1,17,0,0
2,2829.0,2,9,6,3,1,17,1,0
6,509.0,3,6,1,0,1,8,1,0
5,0.0,6,10,3,4,1,18,3,0
4,2483.47,3,6,4,0,1,17,3,0
5,0.0,6,6,5,1,1,17,1,0
0,368.47,4,16,1,4,1,15,3,0
4,19455.84,4,6,2,5,0,17,0,0
4,8275.03,0,12,1,0,1,16,3,0
6,1279.31,6,14,2,1,1,13,3,0
4,15439.15,5,7,3,1,1,21,3,0
3,191.52,5,6,3,0,1,11,1,0
3,168.94,1,0,1,1,1,19,0,0
8,0.0,1,12,2,2,1,12,5,1
7,289.06,4,13,2,0,1,12,4,0
3,307.34,1,7,1,4,1,14,0,0
4,5821.97,1,16,8,0,0,10,1,0
4,2480.86,2,2,5,0,1,8,5,1
3,191.3,0,15,3,3,1,10,5,1
4,15886.67,0,11,9,0,0,17,0,0
4,9421.56,1,14,3,0,1,0,5,1
6,9017.22,5,3,5,0,1,18,2,0
8,0.0,4,2,8,0,1,11,5,1
7,2473.29,3,18,1,2,1,16,2,0
5,0.0,3,13,3,0,1,11,0,0
1,0.0,2,10,1,0,1,15,0,0
4,2614.29,2,8,2,0,0,22,0,0
1,0.0,6,5,1,0,1,16,1,0
3,41.3,4,17,1,1,1,5,2,0
1,0.0,6,10,2,1,1,11,6,1
3,87.94,4,10,3,0,1,18,4,0
5,0.0,4,16,2,1,1,9,0,0
0,251.19,3,13,3,0,1,17,2,0
9,2696.24,3,15,4,0,1,8,6,1
4,5162.75,3,1,2,0,1,9,4,0
1,0.0,4,6,3,1,1,19,1,0
8,0.0,6,15,5,0,1,13,4,0
8,0.0,2,0,2,1,1,9,4,0
7,237.63,6,13,1,0,1,7,2,0
6,1118.08,2,10,2,0,1,9,2,0
2,791.86,4,3,3,4,1,21,5,1
5,0.0,0,15,3,0,1,7,6,1
6,14642.11,1,13,2,2,0,8,0,0
4,17953.29,5,18,2,2,1,16,3,0
7,2070.58,6,5,2,4,1,19,1,0
8,0.0,1,8,2,3,1,7,2,0
1,0.0,2,2,1,1,1,9,2,0
8,0.0,4,12,2,0,1,22,3,0
9,2755.3,6,11,4,2,0,23,5,1
6,16477.7,6,10,1,3,1,20,5,1
6,6543.47,1,16,5,0,1,19,3,0
7,1923.21,0,6,1,1,1,13,0,0
6,13914.0,0,6,3,4,1,11,2,0
5,0.0,0,1,1,0,1,11,3,0
1,0.0,1,12,2,0,1,0,5,1
3,488.74,5,0,4,1,1,14,4,0
3,497.37,3,0,2,0,1,12,2,0
4,19680.8,5,5,1,0,1,1,4,0
9,1336.07,6,4,7,1,1,14,5,1
3,95.22,2,11,2,1,1,13,5,1
3,132.03,4,2,1,0,1,12,1,0
7,2142.91,4,3,4,3,1,19,6,1
8,0.0,6,15,2,0,1,19,1,0
9,2107.63,5,12,2,3,1,5,2,0
2,263.7,6,12,1,0,1,9,2,0
7,611.33,3,12,2,0,1,11,4,0
2,961.99,4,1,2,0,1,10,0,0
6,2964.94,0,10,2,5,1,8,5,1
8,0.0,3,14,1,0,1,22,1,0
3,307.15,1,11,4,2,1,20,6,1
0,253.6,3,8,4,1,1,6,3,0
3,328.58,6,11,6,2,0,23,6,1
3,175.17,6,11,1,0,0,17,1,0
7,942.59,4,12,2,2,1,21,6,1
4,8505.77,0,3,4,0,1,16,5,1
7,2395.1,5,15,3,0,1,15,5,1
8,0.0,6,0,2,0,1,10,1,0
5,0.0,1,0,10,0,1,5,4,0
7,800.78,3,0,2,0,1,23,0,0
6,5583.25,3,19,3,0,1,14,6,1
0,220.6,0,9,3,2,1,10,1,0
7,519.67,6,13,1,0,1,22,0,0
7,2536.92,4,15,1,0,1,9,2,0
3,114.56,1,0,4,0,1,7,2,0
0,110.51,6,12,1,0,1,17,2,0
8,0.0,5,1,1,0,1,8,6,1
1,0.0,4,4,6,4,1,10,1,0
5,0.0,3,16,4,3,1,12,1,0
0,189.63,4,5,3,0,1,23,3,0
8,0.0,4,10,3,0,1,2,1,0
3,83.02,4,9,2,0,1,8,0,0
4,13109.71,2,8,7,2,0,18,5,1
4,14264.95,0,6,1,0,1,5,1,0
9,2796.79,4,2,2,0,1,10,3,0
2,149.79,6,5,3,0,1,8,5,1
2,1922.21,3,18,2,0,1,18,1,0
3,481.43,6,14,4,1,1,22,3,0
5,0.0,2,3,6,0,1,9,0,0
8,0.0,1,2,4,0,1,13,1,0
7,431.23,1,4,4,0,1,21,3,0
1,0.0,5,19,1,0,1,22,0,0
6,11984.82,3,19,5,0,0,11,5,1
2,38.11,2,10,2,0,1,7,5,1
1,0.0,6,12,2,2,1,11,6,1
9,113.29,6,10,8,3,1,18,6,1
2,430.92,2,4,1,0,1,21,2,0
4,3913.6,6,8,10,0,0,19,6,1
3,395.64,5,16,1,0,1,9,0,0
3,478.28,0,14,3,0,1,10,5,1
0,405.03,3,0,1,3,1,18,0,0
4,6041.83,6,9,4,2,1,20,4,0
9,1520.0,2,18,1,0,1,12,0,0
1,0.0,1,7,2,0,1,12,3,0
3,464.64,0,9,1,2,1,12,0,0
4,7568.11,5,13,2,0,1,6,2,0
5,0.0,0,12,3,2,1,13,6,1
5,0.0,3,7,1,0,1,8,6,1
1,0.0,6,18,5,0,1,19,0,0
2,1932.17,4,1,1,2,1,17,3,0
8,0.0,5,5,2,3,1,22,1,0
7,1386.55,6,15,1,5,1,17,3,0
8,0.0,1,0,1,0,1,17,3,0
5,0.0,3,13,5,2,1,12,6,1
1,0.0,4,5,4,1,1,18,5,1
5,0.0,3,16,9,0,1,20,3,0
0,454.58,3,11,4,2,1,17,3,0
9,609.13,5,14,1,0,1,8,4,0
3,482.43,1,13,2,0,1,15,6,1
3,457.91,0,8,2,0,1,16,5,1
1,0.0,4,7,2,0,1,10,5,1
0,272.28,0,7,4,0,1,21,4,0
3,494.55,0,3,1,5,1,9,5,1
7,47.56,1,13,1,1,1,12,1,0
0,213.63,2,10,7,0,1,21,1,0
6,17067.95,0,2,7,4,0,0,5,1
6,10034.24,3,0,3,1,1,19,6,1
1,0.0,3,15,3,4,1,19,5,1
8,0.0,4,0,7,0,1,8,5,1
1,0.0,1,6,1,0,1,7,6,1
9,2313.66,3,13,1,0,1,12,3,0
1,0.0,1,10,5,0,1,18,5,1
3,252.23,3,11,1,2,0,23,5,1
0,29.08,5,9,2,0,1,7,2,0
9,1094.54,3,13,1,0,1,14,1,0
8,0.0,2,15,1,0,1,7,3,0
0,162.63,0,10,4,3,1,18,4,0
6,17911.75,1,10,2,1,1,18,6,1
4,129.99,2,4,1,0,1,20,6,1
2,559.46,5,5,2,1,1,21,0,0
7,2968.99,6,2,4,0,1,0,1,0
7,2475.95,1,15,1,0,1,11,6,1
4,9978.66,5,9,1,0,1,23,1,0
5,0.0,5,10,2,4,1,10,6,1
7,2153.12,2,6,1,1,1,19,1,0
1,0.0,1,1,5,0,1,12,2,0
7,1472.29,3,0,1,1,1,22,3,0
7,1243.15,4,4,1,1,1,20,3,0
8,0.0,5,5,5,4,0,11,4,0
7,1317.2,1,4,9,0,1,8,6,1
8,0.0,0,1,4,1,1,14,1,0
7,2696.83,6,5,3,3,1,10,5,1
2,2876.07,1,8,1,0,1,11,3,0
0,351.05,5,5,3,0,1,10,6,1
4,3965.56,2,0,1,0,1,10,4,0
6,2108.69,3,6,2,5,1,20,6,1
2,666.09,2,13,3,0,1,9,4,0
7,284.98,0,9,3,1,1,21,4,0
0,275.13,0,16,10,1,1,16,3,0
9,1750.72,5,12,2,0,1,21,6,1
4,476.16,4,14,4,0,1,10,0,0
0,235.82,3,3,6,0,1,16,1,0
6,16680.71,2,13,1,2,1,8,3,0
2,639.3,5,5,1,0,1,8,4,0
4,10680.31,6,5,2,0,1,15,4,0
1,0.0,3,15,1,1,1,11,2,0
9,1440.57,0,3,2,0,1,21,1,0
5,0.0,3,9,3,0,1,14,4,0
2,2485.19,4,3,4,1,1,2,6,1
4,8874.84,5,2,2,1,1,12,1,0
5,0.0,3,5,4,0,1,18,3,0
6,13774.73,0,15,3,0,1,13,2,0
8,0.0,6,11,4,0,1,12,5,1
3,150.72,4,5,1,0,1,14,5,1
3,29.79,3,13,1,0,1,13,1,0
9,828.86,4,4,4,0,1,8,5,1
8,0.0,1,14,3,0,1,11,2,0
7,724.97,6,12,10,1,1,15,0,0
5,0.0,0,16,6,3,1,21,3,0
2,1644.7,6,6,4,0,1,13,2,0
6,2872.94,4,16,3,1,1,12,5,1
2,67.02,2,14,5,0,1,20,0,0
6,9266.21,1,3,7,0,0,2,2,0
1,0.0,2,8,1,0,1,18,5,1
1,0.0,2,16,8,0,1,11,5,1
8,0.0,4,5,1,1,1,10,1,0
8,0.0,0,18,1,0,1,1,2,0
0,297.69,4,2,5,0,1,20,6,1
6,10910.34,3,11,1,0,0,15,6,1
1,0.0,0,11,2,1,1,20,2,0
3,480.76,0,16,1,3,1,20,4,0
4,2179.58,0,11,7,0,0,18,6,1
3,139.3,1,15,6,1,1,10,5,1
2,2658.22,3,15,3,0,1,6,5,1
1,0.0,6,3,10,0,1,14,1,0
2,225.14,3,10,7,1,1,13,4,0
5,0.0,0,12,2,0,1,19,5,1
6,2374.43,3,17,6,0,1,8,6,1
5,0.0,2,17,1,4,1,12,6,1
8,0.0,4,0,1,0,1,3,2,0
4,4256.63,3,3,2,0,1,14,4,0
7,1433.28,6,3,1,0,1,17,6,1
6,13357.16,0,13,2,0,1,13,3,0
4,3676.47,0,6,4,1,0,0,4,0
0,416.84,5,1,4,2,1,16,3,0
2,1608.12,4,3,3,0,1,12,0,0
2,2672.17,0,9,4,1,1,7,5,1
1,0.0,4,4,1,1,1,16,4,0
7,931.96,6,9,3,0,1,22,2,0
9,2272.25,2,7,6,0,1,19,2,0
8,0.0,4,4,4,0,1,1,6,1
6,15682.84,5,10,5,0,1,12,1,0
2,2300.64,0,3,5,1,1,19,4,0
7,1764.9,5,15,5,2,1,18,1,0
5,0.0,6,4,6,0,1,0,1,0
7,229.79,0,7,5,0,1,17,3,0
5,0.0,5,11,5,0,1,16,0,0
9,591.72,5,3,4,0,1,15,2,0
3,225.92,5,17,6,1,0,15,2,0
8,0.0,0,16,3,0,1,0,3,0
4,14000.64,3,4,2,0,1,15,6,1
3,123.74,5,19,1,3,1,22,2,0
9,2781.86,4,1,1,0,1,13,1,0
1,0.0,4,0,2,4,1,10,6,1
7,1345.23,2,8,4,0,1,20,3,0
1,0.0,1,18,10,0,1,11,5,1
1,0.0,1,14,2,0,1,13,3,0
2,1918.99,6,5,1,0,1,20,5,1
3,394.35,1,15,1,2,1,17,0,0
2,1632.82,4,8,2,1,0,23,4,0
1,0.0,1,1,2,3,1,12,6,1
2,2581.0,6,3,3,0,1,0,0,0
6,19843.41,0,12,9,3,0,17,5,1
6,10480.61,4,12,2,0,1,18,1,0
0,125.26,6,15,8,0,1,16,6,1
9,1302.29,6,7,3,0,1,17,3,0
9,1890.4,5,8,2,2,1,16,5,1
8,0.0,1,0,2,0,1,21,1,0
0,196.42,5,1,2,0,1,6,4,0
2,2571.79,5,5,5,0,1,15,3,0
9,958.17,5,11,1,0,1,14,0,0
1,0.0,1,8,1,0,0,12,2,0
8,0.0,6,4,3,0,1,20,6,1
2,1916.71,5,8,1,0,1,16,5,1
4,18694.0,5,1,2,0,1,11,1,0
8,0.0,6,9,3,0,1,12,0,0
9,2133.29,6,9,2,2,1,12,1,0
0,414.18,6,3,3,0,1,10,1,0
4,9710.77,2,8,1,0,0,2,0,0
0,53.22,2,6,1,0,1,11,3,0
9,296.65,3,13,3,4,1,19,6,1
6,752.08,6,7,1,0,1,11,5,1
3,13.3,6,8,4,0,1,12,0,0
1,0.0,6,16,4,0,1,4,3,0
3,355.99,2,8,2,0,1,14,5,1
2,1508.58,3,5,2,0,1,11,4,0
5,0.0,4,8,6,0,1,8,4,0
8,0.0,2,12,1,0,1,20,3,0
6,5713.99,1,4,3,1,1,10,5,1
1,0.0,5,7,3,0,1,13,2,0
9,2954.45,4,7,1,0,1,17,5,1
2,575.32,0,11,3,0,1,4,3,0
6,10415.83,5,8,2,0,1,12,5,1
6,13319.89,1,0,1,4,0,9,0,0
1,0.0,4,11,2,1,1,8,1,0
6,7880.29,3,11,1,0,1,14,2,0
5,0.0,6,15,1,0,1,11,2,0
4,1553.49,4,15,2,0,1,11,3,0
7,964.01,1,14,2,1,1,22,5,1
1,0.0,2,15,3,4,1,11,3,0
2,2680.35,1,13,3,0,1,15,4,0
7,2001.83,1,14,1,1,1,15,4,0
7,396.35,4,2,2,1,1,1,6,1
2,117.78,6,5,3,0,1,2,1,0
9,1075.31,3,2,7,1,1,10,0,0
7,2768.02,0,8,1,0,1,16,3,0
5,0.0,0,19,7,1,1,18,2,0
7,1436.52,3,11,1,0,1,16,2,0
4,10022.31,3,11,4,0,0,16,5,1
3,378.8,5,1,1,0,1,8,3,0
5,0.0,4,14,3,3,1,8,4,0
4,14948.12,1,4,1,0,1,9,2,0
9,315.37,3,18,4,1,1,18,6,1
2,454.63,0,8,4,0,1,10,0,0
5,0.0,6,11,1,1,1,19,4,0
3,68.14,6,12,2,0,1,10,2,0
6,17767.64,3,4,2,0,1,18,6,1
2,1799.21,1,4,3,0,1,4,2,0
9,1952.03,0,3,6,0,1,21,5,1
5,0.0,2,15,2,0,1,10,5,1
0,315.22,2,12,2,0,1,12,5,1
6,2780.34,3,13,1,0,1,19,2,0
9,693.4,1,3,2,0,1,13,4,0
6,3005.24,5,10,1,0,0,1,5,1
7,166.38,0,15,2,0,1,17,0,0
7,2404.07,3,8,1,0,1,9,1,0
3,24.55,5,2,4,0,1,8,3,0
1,0.0,3,12,1,0,1,20,5,1
5,0.0,1,10,8,0,1,4,3,0
5,0.0,3,15,1,1,1,13,2,0
4,15157.88,6,13,1,5,0,20,1,0
0,309.17,5,5,5,3,1,14,1,0
3,323.05,1,1,5,0,1,16,6,1
1,0.0,2,7,2,0,1,22,0,0
8,0.0,6,1,3,0,1,13,3,0
6,14244.16,0,7,3,0,1,21,0,0
3,411.71,1,10,1,1,1,14,3,0
9,2831.42,5,14,3,0,1,19,2,0
6,19521.43,6,11,8,3,0,22,6,1
1,0.0,4,2,2,2,1,20,2,0
7,1715.41,3,16,1,0,1,13,2,0
6,16584.77,3,18,2,1,1,9,6,1
4,5444.8,6,3,4,0,1,8,5,1
5,0.0,2,15,1,0,1,15,4,0
5,0.0,4,16,3,2,1,13,2,0
8,0.0,0,5,3,0,1,7,3,0
4,18528.23,1,4,1,0,1,17,4,0
3,260.73,6,12,2,0,1,8,6,1
0,275.88,0,9,2,0,1,8,1,0
1,0.0,4,7,4,0,1,8,5,1
4,16668.76,3,8,4,1,0,7,4,0
7,2145.63,1,15,2,5,1,7,4,0
9,1535.58,3,15,2,4,0,12,6,1
4,1992.36,5,18,1,0,1,11,2,0
3,449.32,4,1,3,0,1,21,1,0
5,0.0,4,10,1,0,1,20,3,0
4,3734.92,1,11,2,2,0,12,1,0
4,11013.56,2,1,5,0,0,11,0,0
6,2526.13,3,5,4,5,1,8,6,1
8,0.0,5,14,1,0,1,7,5,1
8,0.0,3,16,1,0,1,10,6,1
5,0.0,0,3,2,0,1,15,2,0
1,0.0,0,15,5,0,0,23,2,0
5,0.0,3,5,7,0,1,11,1,0
9,2677.93,2,7,1,0,1,15,2,0
7,2571.83,1,2,5,0,1,12,2,0
5,0.0,6,12,7,0,1,7,2,0
2,460.71,1,7,2,1,1,9,5,1
8,0.0,3,6,4,0,1,16,0,0
9,2391.66,6,13,2,0,1,16,0,0
7,2624.48,1,19,6,3,0,9,2,0
1,0.0,0,4,1,0,1,19,4,0
9,757.43,4,4,3,1,1,18,5,1
2,1108.64,4,3,3,1,1,10,4,0
0,33.1,5,12,3,0,1,17,3,0
6,2841.88,2,2,3,1,1,9,4,0
3,224.81,5,18,3,1,1,18,1,0
7,2603.49,0,10,2,1,1,15,3,0
7,2480.97,3,4,10,4,0,10,2,0
0,315.82,2,13,5,2,1,10,3,0
1,0.0,3,5,2,0,1,13,0,0
0,219.47,2,1,2,0,1,19,5,1
5,0.0,0,14,2,0,1,16,4,0
3,480.57,5,4,3,0,1,14,6,1
0,496.67,0,0,1,0,1,11,1,0
7,114.11,5,7,4,0,1,7,0,0
4,9018.13,3,3,1,0,1,14,1,0
2,1553.66,6,19,1,0,1,14,2,0
5,0.0,1,0,1,3,1,0,2,0
5,0.0,2,4,1,0,1,14,1,0
8,0.0,6,14,4,0,1,16,5,1
4,6362.02,4,14,10,0,0,17,2,0
8,0.0,6,4,5,0,1,19,3,0
0,55.09,2,18,1,0,1,0,5,1
3,275.41,6,9,3,0,1,7,0,0
1,0.0,4,12,4,0,1,12,3,0
4,9209.31,6,8,6,0,0,0,0,0
8,0.0,4,12,5,0,1,1,6,1
2,71.72,0,7,2,4,1,6,6,1
0,489.11,6,12,1,0,1,15,0,0
6,9238.38,5,3,1,0,1,13,5,1
9,438.24,4,0,1,0,1,7,0,0
4,1535.24,2,14,2,3,0,3,4,0
0,192.7,0,16,1,0,1,19,1,0
5,0.0,3,11,1,1,1,17,0,0
2,637.76,4,16,6,0,1,8,3,0
6,9735.22,4,3,1,0,1,16,1,0
6,7820.25,0,12,2,0,1,21,2,0
6,2367.56,0,0,5,5,1,12,5,1
1,0.0,2,9,5,1,1,6,3,0
7,136.33,2,1,1,0,1,13,6,1
9,2135.57,4,2,2,0,1,17,6,1
2,1787.56,1,5,1,0,1,10,3,0
0,407.36,0,10,1,0,1,6,5,1
7,2055.38,0,2,2,0,1,5,0,0
1,0.0,6,0,4,0,1,14,1,0
9,1512.62,4,4,9,3,0,14,3,0
9,147.06,2,14,2,0,1,11,3,0
8,0.0,4,14,1,0,1,22,6,1
5,0.0,3,1,3,2,1,13,0,0
9,2824.5,2,2,4,0,1,7,3,0
2,1903.37,4,18,6,0,1,12,6,1
6,13353.88,0,15,2,4,1,9,6,1
5,0.0,0,14,1,2,1,6,0,0
5,0.0,3,2,4,2,1,13,2,0
4,13497.72,0,5,1,5,0,16,4,0
0,388.7,3,13,2,3,1,0,3,0
6,1486.57,4,7,2,0,1,11,5,1
8,0.0,5,8,1,0,1,18,6,1
1,0.0,5,13,3,3,1,22,5,1
1,0.0,0,1,1,0,1,17,6,1
7,1712.98,0,9,1,0,1,11,6,1
8,0.0,0,13,2,5,0,0,0,0
1,0.0,2,6,1,0,1,9,6,1
0,172.2,3,8,3,2,1,7,0,0
9,2741.01,3,10,2,0,1,14,5,1
8,0.0,2,14,10,0,1,22,6,1
6,3461.29,4,4,1,2,1,18,4,0
2,1375.43,1,7,6,1,1,11,4,0
6,1862.14,0,8,1,0,1,11,2,0
6,7083.8,6,15,4,1,1,21,2,0
1,0.0,6,10,3,0,1,9,2,0
6,7665.31,0,12,1,0,1,14,5,1
1,0.0,6,0,1,0,1,16,3,0
6,19908.81,4,13,1,0,0,8,5,1
7,410.13,2,18,9,1,1,22,3,0
6,8458.13,5,6,1,0,1,22,2,0
7,2936.13,4,5,1,0,1,10,5,1
7,1121.93,4,16,2,2,1,9,0,0
7,13.64,0,11,7,0,0,23,3,0
4,1964.28,5,13,1,0,1,14,6,1
0,195.28,5,7,1,3,1,16,4,0
9,2464.43,4,8,5,0,1,5,1,0
5,0.0,2,7,2,4,1,14,4,0
1,0.0,3,8,5,0,1,10,6,1
0,331.45,5,18,4,1,1,13,3,0
0,327.14,0,6,1,2,1,12,0,0
2,770.9,0,14,7,0,1,18,6,1
6,13599.6,6,14,7,0,1,20,5,1
7,2174.44,6,8,2,0,1,21,2,0
3,487.31,2,16,1,0,1,9,2,0
6,1619.78,1,4,2,1,1,19,4,0
4,13519.03,6,14,4,5,0,14,6,1
1,0.0,1,4,4,1,1,12,1,0
7,2718.3,2,13,3,0,1,8,5,1
9,267.18,4,18,7,0,1,11,0,0
2,342.96,2,3,2,1,1,21,0,0
1,0.0,5,7,3,0,1,8,1,0
6,6054.9,0,10,3,0,1,11,3,0
5,0.0,3,16,2,0,1,1,0,0
8,0.0,6,18,1,0,1,18,5,1
9,2393.54,5,16,1,0,1,10,0,0
1,0.0,4,9,2,0,1,19,2,0
1,0.0,2,15,3,0,1,9,2,0
9,193.33,6,1,1,0,1,21,0,0
6,6218.32,3,4,3,0,1,11,2,0
9,2419.34,3,6,1,0,1,17,3,0
2,2719.92,5,11,2,0,1,1,2,0
7,2729.09,0,5,1,0,1,8,4,0
8,0.0,0,5,4,0,1,20,4,0
6,10170.15,3,8,2,0,0,23,4,0
2,2490.15,1,3,2,0,1,9,5,1
6,19274.97,1,19,4,0,0,13,2,0
7,976.31,4,7,9,0,1,18,6,1
6,15099.91,5,5,3,1,1,11,5,1
1,0.0,6,7,2,0,1,4,5,1
7,204.67,1,1,2,0,1,16,1,0
8,0.0,3,1,2,0,1,10,3,0
1,0.0,5,4,3,1,1,16,5,1
8,0.0,2,18,3,1,1,18,6,1
1,0.0,6,2,3,0,1,23,0,0
4,19696.08,2,2,1,2,1,15,3,0
2,1306.62,0,1,1,1,1,8,0,0
6,18818.98,6,4,2,0,0,15,0,0
7,227.21,3,2,9,0,1,12,5,1
8,0.0,1,1,2,0,1,17,0,0
7,350.29,2,6,8,1,1,7,2,0
6,2937.4,0,13,2,2,1,8,1,0
0,245.17,6,0,2,0,1,17,4,0
4,9030.27,4,4,2,1,1,11,0,0
5,0.0,5,9,1,0,1,0,5,1
4,3770.11,5,8,2,0,0,13,3,0
7,153.39,4,12,1,0,1,12,4,0
1,0.0,6,18,2,2,1,11,5,1
1,0.0,0,9,6,3,1,16,2,0
6,15844.56,6,8,4,0,0,11,0,0
7,1726.89,6,2,5,1,1,10,6,1
9,1263.28,4,7,3,0,1,15,3,0
2,315.32,1,3,3,0,1,0,1,0
8,0.0,4,18,4,0,1,11,0,0
2,116.69,1,5,2,0,1,0,0,0
5,0.0,3,3,1,1,1,8,2,0
9,2122.4,5,1,2,0,1,12,4,0
6,5258.77,5,12,2,0,1,12,5,1
5,0.0,4,5,1,1,1,20,6,1
7,933.53,5,10,2,1,1,11,6,1
9,2494.43,2,14,6,0,0,1,0,0
2,2658.93,1,15,1,0,1,16,0,0
8,0.0,0,5,7,0,0,4,2,0
8,0.0,0,14,4,0,1,9,6,1
4,15874.5,1,8,1,0,0,0,2,0
7,595.82,5,3,6,1,1,12,0,0
1,0.0,2,14,2,2,1,8,4,0
8,0.0,4,14,3,0,1,9,4,0
5,0.0,4,13,2,0,1,9,1,0
2,2873.05,2,10,5,1,1,16,1,0
6,16642.36,2,5,2,0,1,13,2,0
1,0.0,0,19,1,1,1,11,6,1
6,3638.58,0,1,2,1,1,11,4,0
2,2841.73,6,2,1,0,1,13,5,1
9,1376.38,5,8,5,1,1,14,6,1
5,0.0,3,2,7,0,1,20,4,0
8,0.0,0,3,1,0,1,9,4,0
7,664.83,0,18,1,0,1,13,3,0
4,17587.45,5,14,3,2,1,12,2,0
0,226.98,0,16,2,0,1,21,4,0
3,20.2,5,12,2,0,1,8,5,1
3,136.12,5,1,1,2,1,17,6,1
0,100.64,4,3,2,0,1,21,2,0
8,0.0,4,13,2,1,1,14,2,0
6,1473.15,4,13,3,0,1,21,2,0
7,1392.5,4,5,4,1,1,17,1,0
1,0.0,6,13,3,0,1,6,0,0
9,2282.05,0,5,4,0,1,2,5,1
6,18997.65,2,16,6,0,0,9,4,0
1,0.0,2,15,1,0,1,14,6,1
5,0.0,0,5,1,1,1,12,1,0
3,226.7,6,12,4,0,1,14,5,1
6,11936.08,4,3,1,3,1,17,2,0
7,553.15,4,11,2,1,1,11,4,0
9,2751.52,3,10,5,0,1,15,6,1
4,13828.56,4,3,2,0,0,7,5,1
5,0.0,3,10,2,0,1,18,0,0
1,0.0,5,13,5,0,1,9,0,0
8,0.0,0,2,1,1,1,15,3,0
1,0.0,1,14,7,2,1,14,2,0
9,1830.19,4,5,2,1,1,12,5,1
1,0.0,1,8,8,0,0,9,2,0
9,2374.35,4,10,2,0,1,9,3,0
3,371.21,2,14,4,3,1,18,5,1
3,198.96,5,12,3,0,1,16,2,0
6,12442.34,1,15,3,0,0,13,3,0
7,1625.35,5,1,10,2,1,11,5,1
8,0.0,1,2,3,0,1,17,5,1
3,110.03,4,12,1,0,1,16,6,1
0,444.43,2,11,1,0,0,15,3,0
6,15301.17,6,13,4,0,1,15,0,0
1,0.0,6,2,5,0,1,10,4,0
8,0.0,0,16,10,0,1,9,6,1
8,0.0,5,16,2,0,1,0,3,0
2,1198.42,2,8,6,0,1,22,6,1
0,185.7,6,8,1,1,1,7,4,0
9,714.7,0,14,1,0,1,15,5,1
3,396.27,3,1,4,1,1,21,0,0
7,56.78,3,8,4,0,1,23,6,1
3,289.05,3,1,2,0,1,14,4,0
8,0.0,2,19,2,4,0,20,5,1
1,0.0,6,15,2,3,1,13,5,1
2,2363.26,6,11,6,0,0,8,6,1
6,12199.32,5,1,2,0,1,11,3,0
1,0.0,2,12,1,0,1,11,0,0
9,679.55,2,12,2,0,1,0,2,0
1,0.0,0,10,4,0,1,8,2,0
2,1279.67,4,11,3,1,0,10,0,0
2,546.93,2,3,5,0,1,17,0,0
3,190.44,3,16,3,0,1,6,4,0
0,241.09,0,3,2,0,1,18,2,0
6,7160.32,4,9,5,0,1,11,0,0
3,260.17,4,4,6,0,1,1,4,0
4,19609.04,6,16,1,3,1,12,4,0
9,1428.28,4,18,1,0,1,0,1,0
8,0.0,5,9,5,1,1,19,1,0
4,17276.37,2,18,2,0,1,11,1,0
2,1779.51,4,6,2,0,1,12,4,0
0,486.12,6,2,3,0,1,11,2,0
9,2718.23,4,10,1,0,1,19,5,1
0,201.03,2,11,7,2,0,18,1,0
3,93.64,1,12,4,0,1,21,4,0
4,1074.28,1,14,3,2,1,8,4,0
9,1623.64,3,0,7,1,1,16,5,1
6,15808.66,0,15,2,0,1,19,3,0
7,1916.39,1,5,1,0,1,9,5,1
9,243.96,0,13,4,1,1,22,4,0
3,292.78,1,19,3,0,1,12,5,1
9,1617.69,3,2,3,0,1,0,4,0
4,4860.57,6,3,3,0,1,15,4,0
6,4904.82,6,12,2,0,1,12,3,0
2,901.51,2,19,4,0,1,17,5,1
2,2745.46,5,11,3,0,1,6,6,1
5,0.0,0,5,2,0,1,16,1,0
6,13030.7,6,16,1,0,1,20,0,0
1,0.0,4,5,6,0,1,22,2,0
2,1636.38,1,13,6,0,1,12,0,0
0,43.66,3,11,3,4,0,17,3,0
9,2617.22,2,13,2,0,1,16,4,0
5,0.0,4,16,1,0,1,8,6,1
0,232.11,2,2,7,0,1,14,6,1
1,0.0,5,5,3,1,1,10,5,1
2,1519.44,1,2,6,1,1,18,6,1
8,0.0,0,16,2,2,1,14,1,0
6,15163.3,5,2,1,0,1,19,4,0
9,2703.93,1,1,2,0,1,14,3,0
0,382.88,4,14,3,0,1,13,5,1
9,2478.58,4,4,2,1,1,20,1,0
2,2587.76,5,1,2,0,1,10,3,0
5,0.0,6,5,1,0,1,4,3,0
5,0.0,3,7,7,0,1,16,4,0
4,14617.29,2,15,3,0,1,15,3,0
3,422.57,2,5,3,1,1,19,5,1
6,10694.71,1,16,1,0,1,16,3,0
2,1640.74,4,2,1,0,1,13,2,0
2,214.88,3,13,2,0,1,12,4,0
2,1003.95,1,6,2,0,1,19,3,0
2,285.1,3,14,2,0,1,9,6,1
5,0.0,5,2,4,1,1,19,0,0
9,2424.19,1,9,1,0,1,22,3,0
0,429.85,4,10,2,0,1,21,3,0
6,2881.23,3,8,2,2,1,18,6,1
7,2024.84,3,9,1,0,1,12,5,1
2,814.69,6,12,2,0,1,11,4,0
9,1746.42,6,15,10,1,0,19,0,0
9,2025.02,3,16,1,0,1,8,3,0
9,2929.38,1,18,5,0,0,23,3,0
5,0.0,6,19,4,3,1,12,1,0
8,0.0,6,0,2,4,0,23,0,0
1,0.0,5,5,1,5,1,11,4,0
5,0.0,4,2,1,0,1,11,2,0
1,0.0,3,13,2,1,1,13,4,0
5,0.0,1,8,4,0,1,0,4,0
7,2801.79,0,8,2,1,1,18,5,1
9,2386.49,0,15,2,0,1,11,2,0
5,0.0,0,7,2,1,1,3,0,0
6,14474.1,3,16,1,0,1,10,1,0
2,2278.89,4,11,5,1,1,22,6,1
8,0.0,3,0,2,0,1,18,2,0
1,0.0,3,8,1,0,1,13,5,1
9,460.86,6,19,1,0,0,8,4,0
9,2662.29,4,0,4,0,1,14,2,0
2,2853.35,2,10,3,5,1,9,4,0
6,11001.59,0,11,2,0,0,17,5,1
5,0.0,3,9,2,0,1,4,2,0
3,52.47,4,6,6,0,1,7,3,0
6,2545.61,2,13,4,0,1,16,3,0
0,197.1,4,15,9,0,1,2,1,0
5,0.0,3,12,4,1,1,7,6,1
2,782.12,1,16,1,0,1,11,1,0
2,1185.75,1,14,2,0,1,23,1,0
0,491.95,1,5,2,2,1,22,3,0
3,238.87,5,6,1,0,1,6,3,0
9,1699.05,2,5,5,0,0,23,6,1
9,461.32,5,0,1,1,1,7,1,0
0,291.67,2,2,3,0,1,9,3,0
7,1642.37,3,5,2,0,1,6,2,0
9,2419.84,6,2,2,5,1,17,2,0
6,16340.35,0,15,2,1,0,23,1,0
7,2590.25,6,14,2,0,1,7,4,0
1,0.0,3,7,1,0,1,3,1,0
5,0.0,0,3,1,1,1,9,4,0
9,1247.75,0,4,7,1,1,18,2,0
9,778.82,1,5,2,0,1,15,3,0
7,2874.82,5,3,2,0,1,11,2,0
3,77.42,4,0,7,0,1,13,3,0
6,15594.98,4,1,6,0,0,13,0,0
3,389.7,4,13,6,0,1,14,6,1
0,278.04,0,12,5,0,1,17,4,0
0,105.14,4,6,5,0,1,18,5,1
9,1060.47,3,4,2,1,1,13,3,0
4,17001.6,4,10,1,0,0,21,4,0
1,0.0,4,6,1,3,1,6,4,0
7,2109.93,4,8,1,2,1,17,6,1
5,0.0,6,2,1,0,1,11,5,1
6,7572.29,6,7,3,0,1,17,2,0
7,933.03,0,3,4,3,1,7,6,1
3,257.73,3,18,1,0,1,19,4,0
3,171.46,0,8,2,0,1,7,6,1
5,0.0,4,9,2,0,1,18,1,0
0,217.2,3,0,1,0,1,13,2,0
3,270.46,5,10,1,0,1,16,4,0
2,2666.56,6,5,4,1,1,11,2,0
8,0.0,6,4,1,0,1,10,2,0
1,0.0,1,1,1,3,1,10,1,0
9,2900.85,2,11,1,0,1,12,2,0
1,0.0,2,16,7,5,1,20,3,0
8,0.0,3,12,1,0,1,18,5,1
6,19142.01,2,2,2,1,1,11,6,1
5,0.0,1,16,2,0,1,18,3,0
7,2494.36,1,6,2,2,1,14,6,1
5,0.0,1,10,4,2,1,17,4,0
4,2457.81,0,18,3,0,1,13,2,0
9,1215.42,3,5,8,0,1,15,4,0
4,15904.53,5,4,2,0,0,0,0,0
6,9039.01,4,2,1,3,1,20,6,1
5,0.0,4,6,5,0,1,22,3,0
6,17267.36,1,0,1,0,1,13,6,1
1,0.0,4,15,3,0,1,18,3,0
4,4536.08,4,8,1,2,0,13,2,0
8,0.0,0,4,1,0,1,16,6,1
8,0.0,6,11,2,0,1,19,2,0
5,0.0,6,0,5,0,1,13,4,0
2,138.56,6,7,5,0,1,0,0,0
0,442.24,6,8,1,0,1,10,5,1
7,524.07,3,3,2,1,1,22,5,1
4,17700.49,0,14,6,0,0,10,2,0
9,2426.57,4,14,1,2,1,10,0,0
2,1778.33,2,8,4,5,1,8,1,0
0,378.8,1,2,4,0,1,7,2,0
2,731.97,1,18,2,0,1,14,6,1
4,15508.74,1,12,9,0,1,10,5,1
3,47.25,5,4,7,2,1,10,5,1
2,2005.0,1,10,6,1,1,14,3,0
7,84.22,6,15,2,0,1,15,2,0
8,0.0,3,18,1,1,1,17,1,0
7,2000.24,6,0,1,0,1,3,0,0
2,2912.39,2,11,3,1,1,14,1,0
5,0.0,3,4,3,2,1,11,2,0
4,11811.88,0,11,1,0,0,15,2,0
5,0.0,0,2,4,0,1,20,4,0
3,76.14,2,4,1,0,1,18,6,1
7,2587.48,3,2,2,0,1,16,6,1
6,10689.01,5,4,4,5,1,11,3,0
7,1769.0,3,5,1,0,1,10,5,1
4,278.32,1,6,3,0,1,0,3,0
0,460.09,6,12,1,0,1,20,1,0
4,1543.68,4,12,1,0,1,18,2,0
3,55.89,3,1,2,0,1,22,3,0
1,0.0,5,4,5,0,1,10,2,0
0,117.01,6,12,2,0,1,14,5,1
7,2021.52,0,4,1,3,1,9,3,0
1,0.0,1,12,6,0,1,11,6,1
3,240.24,1,15,4,0,1,20,5,1
2,1872.91,0,10,2,0,1,2,6,1
3,313.66,4,13,1,0,1,15,5,1
0,48.11,1,2,4,0,1,14,6,1
3,289.43,2,2,2,0,1,23,1,0
0,347.23,5,9,3,4,1,9,0,0
7,1505.08,5,17,1,0,0,11,6,1
4,12087.95,4,0,1,1,1,19,5,1
1,0.0,6,7,2,0,1,18,6,1
9,2258.56,1,9,2,0,1,19,2,0
9,2774.23,5,18,3,0,1,21,5,1
3,242.94,3,2,2,0,1,17,2,0
5,0.0,0,15,1,2,1,11,2,0
0,458.27,1,0,2,0,1,15,1,0
9,2799.38,0,0,3,0,1,9,2,0
9,1359.11,6,2,3,2,1,16,1,0
7,917.52,6,15,2,0,1,19,4,0
5,0.0,4,3,1,0,1,19,1,0
6,10924.05,1,4,1,0,1,12,2,0
4,18622.1,4,17,3,0,0,17,4,0
2,1474.16,0,6,5,0,1,15,0,0
1,0.0,4,4,1,0,1,19,6,1
8,0.0,3,3,2,0,1,11,4,0
6,12357.76,2,9,3,0,1,19,2,0
0,332.76,0,15,3,1,1,10,4,0
1,0.0,1,11,8,0,1,13,3,0
9,1741.8,3,4,5,2,1,18,1,0
8,0.0,3,0,7,4,0,0,6,1
5,0.0,3,16,6,4,1,9,0,0
9,500.99,0,2,5,2,1,22,0,0
3,82.18,4,11,2,0,1,14,6,1
5,0.0,5,11,6,2,1,12,2,0
1,0.0,4,5,1,0,1,8,4,0
7,2019.19,2,2,2,1,1,20,1,0
3,451.0,2,2,7,0,1,6,4,0
1,0.0,4,7,2,0,1,15,4,0
4,9054.42,4,11,3,0,1,19,3,0
1,0.0,5,18,2,0,1,11,6,1
6,14013.25,2,1,9,2,0,19,5,1
2,360.98,4,16,1,1,1,20,3,0
2,696.31,6,2,9,0,1,1,1,0
4,16341.1,4,3,1,0,0,22,4,0
1,0.0,1,4,8,3,0,15,2,0
8,0.0,6,1,1,3,1,12,5,1
1,0.0,1,11,2,1,1,15,2,0
7,768.15,2,15,5,0,1,9,5,1
7,2928.26,3,13,6,0,1,15,0,0
2,2521.03,5,1,1,0,1,17,3,0
7,905.05,1,18,6,2,1,0,2,0
4,12277.31,1,18,4,1,1,13,5,1
8,0.0,3,16,1,2,1,16,5,1
1,0.0,2,8,3,0,1,16,0,0
9,399.47,4,11,1,0,0,0,4,0
1,0.0,0,1,4,4,1,15,6,1
7,2387.23,4,18,8,1,1,11,1,0
1,0.0,1,6,1,0,1,7,1,0
1,0.0,4,7,1,0,1,6,3,0
9,1455.42,5,6,1,5,0,9,1,0
9,1828.76,1,14,2,2,1,18,1,0
5,0.0,3,2,3,1,1,17,0,0
6,9692.26,6,8,1,0,1,10,6,1
9,2385.38,5,10,4,0,1,14,1,0
4,7878.39,1,13,2,0,1,12,3,0
4,4954.31,2,15,1,0,1,19,4,0
2,538.74,6,4,4,1,1,19,6,1
9,1201.02,3,1,2,0,1,22,3,0
6,19417.98,6,6,1,0,1,12,1,0
4,19709.8,6,15,4,2,0,11,4,0
5,0.0,3,11,3,0,1,15,3,0
7,2043.84,3,10,2,0,1,21,0,0
2,1976.13,2,7,4,1,1,7,3,0
8,0.0,3,0,8,0,1,10,0,0
2,2756.01,3,18,4,2,1,20,5,1
1,0.0,1,3,2,0,1,20,3,0
7,2928.79,6,18,1,0,1,8,2,0
1,0.0,1,9,2,0,1,3,1,0
2,2194.15,1,9,1,0,1,20,3,0
4,923.84,5,9,1,0,1,7,5,1
8,0.0,0,12,2,0,1,8,0,0
1,0.0,1,13,5,0,1,2,5,1
0,407.55,2,18,3,0,1,23,6,1
9,276.24,5,8,2,0,1,15,4,0
8,0.0,4,11,3,0,1,12,6,1
